id,name,email,feedback,block
1,Shirley,shirley_lein@posteo.de,"DAsn Test",
2,Shirley,shirley_lein@posteo.de,"  sssssssssssssssssssssssss",
3,Shirley,dddddddddddddddd,"  ",
4,Shirley,dddddddddddddddd,"  ",
18,,shidrley_lein@posteo.de,"    ",
19,,shierrley_lein@posteo.de,"    ",
20,Shirley,shirljdjdjey_lein@posteo.de,"    BUhhhahahashah",
21,Shirley,shirljdjdjey_lein@posteo.de,"    BUhhhahahashah",
40,PrimaBallerina,hertdfaf@haerte.de,,
41,,,ttfgghgfhfggf,
42,Daliah,daeraDa@gmail.com,"Test ",wb3
43,PrimaBallerina,shirley_lein1@posteo.de,,wb3
44,Shirley,shirl5ey_lein1@posteo.de,"so richtig genial",wb1
45,Shirley,shirl5ey_lein1@posteo.de,"so richtig genial",wb1
46,Shirley,shirl5ey_lein1@posteo.de,"so richtig genial",wb1
47,Shirley,shirl5ey_lein1@posteo.de,"so richtig genial",wb1
48,Sias,slas@sias.de,fuaslkdd,wb1
49,Sias,tt,ffffdafgdsgdrsgsdgter,wb1
50,Sias,tt,ffffdafgdsgdrsgsdgter,wb1
51,Sias,tt,ffffdafgdsgdrsgsdgter,wb1
52,Sias,tt,ffffdafgdsgdrsgsdgter,wb1
53,Sias,tt,ffffdafgdsgdrsgsdgter,wb1
54,Sias,tt,ffffdafgdsgdrsgsdgter,wb1
55,Sias,tt,ffffdafgdsgdrsgsdgter,wb1
56,Sias,tt,ffffdafgdsgdrsgsdgter,wb1
57,Sias,tt,ffffdafgdsgdrsgsdgter,wb1
58,Sias,tt,ffffdafgdsgdrsgsdgter,wb1
59,Sias,tt,ffffdafgdsgdrsgsdgter,wb1
60,Sias,tt,ffffdafgdsgdrsgsdgter,wb1
61,Sias,tt,ffffdafgdsgdrsgsdgter,wb1
62,Sias,tt,ffffdafgdsgdrsgsdgter,wb1
63,Sias,tt,ffffdafgdsgdrsgsdgter,wb1
64,Sias,tt,ffffdafgdsgdrsgsdgter,wb1
65,Sias,tt,ffffdafgdsgdrsgsdgter,wb1
66,Shiu,hertdfaf@haerte.de,dfgvdgdf,wb1
67,Shiu,hertdfaf@haerte.de,dfgvdgdf,wb1
68,Shiu,hertdfaf@haerte.de,dfgvdgdf,wb1
69,Shiu,hertdfaf@haerte.de,dfgvdgdf,wb1
70,Shiu,hertdfaf@haerte.de,dfgvdgdf,wb1
71,Shiu,hertdfaf@haerte.de,dfgvdgdf,wb1
72,Shiu,hertdfaf@haerte.de,dfgvdgdf,wb1
73,Shiu,hertdfaf@haerte.de,dfgvdgdf,wb1
74,Shiu,hertdfaf@haerte.de,dfgvdgdf,wb1
75,Shiu,hertdfaf@haerte.de,dfgvdgdf,wb1
76,Shirley,ffdf,dvdgv,wb1
77,Test,shirley_lein1@posteo.de,testen,wb1
78,HAl,HE,Ho,wb2
