urlid,pathname,used,location,timestamp_called,timestamp_send,block,time
1,QRvoteuYjbRxbzi1Sh,0,Pil,00:00:00,00:00:00,wb1,
2,QRvoteYEpUzPCVt2Iz,0,Pil,00:00:00,00:00:00,wb1,
3,QRvoteJrz3DzLdKfED,0,Pil,00:00:00,00:00:00,wb1,
4,QRvotembMopFDHtJ1J,0,Pil,00:00:00,00:00:00,wb1,
5,QRvoteGnw37nuzyTr1,0,Pil,00:00:00,00:00:00,wb1,
6,QRvoteLY9oML5Wn7Py,0,Pil,00:00:00,00:00:00,wb1,
7,QRvotefXN3OBO7oKlp,0,Pil,00:00:00,00:00:00,wb1,
8,QRvote50BzfkOaLGoS,0,Pil,00:00:00,00:00:00,wb1,
9,QRvotepC3Y1oQHzTli,0,Pil,00:00:00,00:00:00,wb1,
10,QRvoteTojS3O4DFgz0,0,Pil,00:00:00,00:00:00,wb1,
11,QRvotenCpLWOjrQjlu,0,Pil,00:00:00,00:00:00,wb1,
12,QRvoteVbbPPIloXHR3,0,Pil,00:00:00,00:00:00,wb1,
13,QRvoteiozkQ2fuCSIG,0,Pil,00:00:00,00:00:00,wb1,
14,QRvoteb9dXiHiZK3CG,0,Pil,00:00:00,00:00:00,wb1,
15,QRvotezAg0HY7yDyLK,0,Pil,00:00:00,00:00:00,wb1,
16,QRvote6dDLvFgRrqfK,0,Pil,00:00:00,00:00:00,wb1,
17,QRvoteClB50ZFNMj5T,0,Pil,00:00:00,00:00:00,wb1,
18,QRvoteJOl3ejqT1QhJ,0,Pil,00:00:00,00:00:00,wb1,
19,QRvoteo6nvhYamjSum,0,Pil,00:00:00,00:00:00,wb1,
20,QRvoteoWdFmIdwAxda,0,Pil,00:00:00,00:00:00,wb1,
21,QRvoteeKK03kMWrcLN,0,Pil,00:00:00,00:00:00,wb1,
22,QRvotehKVRpc62Bh2f,0,Pil,00:00:00,00:00:00,wb1,
23,QRvoteM2mZiKQWi4VE,0,Pil,00:00:00,00:00:00,wb1,
24,QRvoteUY5di6a5zn1e,0,Pil,00:00:00,00:00:00,wb1,
25,QRvote9ZuyDFt0ZN4A,0,Pil,00:00:00,00:00:00,wb1,
26,QRvoteKjCcGKEMrcoc,0,Pil,00:00:00,00:00:00,wb1,
27,QRvotes89n7KzRBq4z,0,Pil,00:00:00,00:00:00,wb1,
28,QRvote8wLu6GWzuXKp,0,Pil,00:00:00,00:00:00,wb1,
29,QRvotekDbLO2VQ00pi,0,Pil,00:00:00,00:00:00,wb1,
30,QRvotezK4Q6jmb1zO8,0,Pil,00:00:00,00:00:00,wb1,
31,QRvotesdNpUKPgntTG,0,Pil,00:00:00,00:00:00,wb1,
32,QRvoteRJ5CQqBppxtN,0,Pil,00:00:00,00:00:00,wb1,
33,QRvoteE1lJCYXnqA6U,0,Pil,00:00:00,00:00:00,wb1,
34,QRvotezQ8z7wKw063B,0,Pil,00:00:00,00:00:00,wb1,
35,QRvoteQYPOBsW7xfev,0,Pil,00:00:00,00:00:00,wb1,
36,QRvoteXf3lxzmeUWok,0,Pil,00:00:00,00:00:00,wb1,
37,QRvoteMlBT2LG9xz44,0,Pil,00:00:00,00:00:00,wb1,
38,QRvote9w9mGzEncPTy,0,Pil,00:00:00,00:00:00,wb1,
39,QRvotey9gRUMQCHqaT,0,Pil,00:00:00,00:00:00,wb1,
40,QRvoteEhzgHJx91fte,0,Pil,00:00:00,00:00:00,wb1,
41,QRvoteCZvo2limX7lv,0,Pil,00:00:00,00:00:00,wb1,
42,QRvoteo8nL8R8j6vBP,0,Pil,00:00:00,00:00:00,wb1,
43,QRvoteMrT7qo8E7oGA,0,Pil,00:00:00,00:00:00,wb1,
44,QRvotegnzagCpMUkhO,0,Pil,00:00:00,00:00:00,wb1,
45,QRvoteBbDBk55hWGYe,0,Pil,00:00:00,00:00:00,wb1,
46,QRvoteNLz3V7cHFEUx,0,Pil,00:00:00,00:00:00,wb1,
47,QRvoteq0sAgHzfIi8K,0,Pil,00:00:00,00:00:00,wb1,
48,QRvoteMtTZlDAzBG1R,0,Pil,00:00:00,00:00:00,wb1,
49,QRvoteOfHYJCIhAR2J,0,Pil,00:00:00,00:00:00,wb1,
50,QRvotew7fzPNwVJAZl,0,Pil,00:00:00,00:00:00,wb1,
51,QRvoteNQzZpQDiOx2z,0,Pil,00:00:00,00:00:00,wb1,
52,QRvoteKZcfvsnIRTh8,0,Pil,00:00:00,00:00:00,wb1,
53,QRvotevtlGxmM3mAEF,0,Pil,00:00:00,00:00:00,wb1,
54,QRvoteUJHVQVmbT9zl,0,Pil,00:00:00,00:00:00,wb1,
55,QRvotea5zBAdlIbkY7,0,Pil,00:00:00,00:00:00,wb1,
56,QRvote7n7eG44qqzJz,0,Pil,00:00:00,00:00:00,wb1,
57,QRvote1iyHyNd8SUYv,0,Pil,00:00:00,00:00:00,wb1,
58,QRvotezKTzO80Xmvwu,0,Pil,00:00:00,00:00:00,wb1,
59,QRvoten8Y6JRojrQkK,0,Pil,00:00:00,00:00:00,wb1,
60,QRvote2qgozzziX5Mx,0,Pil,00:00:00,00:00:00,wb1,
61,QRvoteFdJXqXk0idMR,0,Pil,00:00:00,00:00:00,wb1,
62,QRvoteUgvDMizKta04,0,Pil,00:00:00,00:00:00,wb1,
63,QRvoteyMhI5jRjYp6x,0,Pil,00:00:00,00:00:00,wb1,
64,QRvoteesKzwYFcvXzH,0,Pil,00:00:00,00:00:00,wb1,
65,QRvotezwjK59d7tQCv,0,Pil,00:00:00,00:00:00,wb1,
66,QRvoteC9kNdphK5emR,0,Pil,00:00:00,00:00:00,wb1,
67,QRvoteKIlAgpilrSay,0,Pil,00:00:00,00:00:00,wb1,
68,QRvoteIm8sB8qZw8Uu,0,Pil,00:00:00,00:00:00,wb1,
69,QRvotevFOrsyMlLWPP,0,Pil,00:00:00,00:00:00,wb1,
70,QRvoteBzo2nu6x18Vl,0,Pil,00:00:00,00:00:00,wb1,
71,QRvoteEuCThDqMRau7,0,Deu,00:00:00,00:00:00,wb1,
72,QRvoteSy6dGRcDHxFd,0,Deu,00:00:00,00:00:00,wb1,
73,QRvoteQ0bhtmwty4wf,0,Deu,00:00:00,00:00:00,wb1,
74,QRvoteiudgFDzz6eQY,0,Deu,00:00:00,00:00:00,wb1,
75,QRvoteMBTsnu9Jznyc,0,Deu,00:00:00,00:00:00,wb1,
76,QRvoteeNMeWHDIssRH,0,Deu,00:00:00,00:00:00,wb1,
77,QRvoteGz2CZDJRwyO3,0,Deu,00:00:00,00:00:00,wb1,
78,QRvoteXExiq6RYzbKL,0,Deu,00:00:00,00:00:00,wb1,
79,QRvote5YVylzDTC6s0,0,Deu,00:00:00,00:00:00,wb1,
80,QRvoteOnO1oHUbAQ9f,0,Deu,00:00:00,00:00:00,wb1,
81,QRvoteWA4TFzDD8Z1e,0,Deu,00:00:00,00:00:00,wb1,
82,QRvoteeLlA9PfHhmtS,0,Deu,00:00:00,00:00:00,wb1,
83,QRvoteyaGa3E7AlSVR,0,Deu,00:00:00,00:00:00,wb1,
84,QRvoteCPJUzqsiV3vH,0,Deu,00:00:00,00:00:00,wb1,
85,QRvoteWLg7BnONDldq,0,Deu,00:00:00,00:00:00,wb1,
86,QRvotefs3zobShQzm1,0,Deu,00:00:00,00:00:00,wb1,
87,QRvoterWMKX92rJnJy,0,Deu,00:00:00,00:00:00,wb1,
88,QRvoteIGVmsU9IDeaA,0,Deu,00:00:00,00:00:00,wb1,
89,QRvotepLz41aycyp71,0,Deu,00:00:00,00:00:00,wb1,
90,QRvote9QfrDpbGnFmU,0,Deu,00:00:00,00:00:00,wb1,
91,QRvoteohd5kCoFHAPY,0,Deu,00:00:00,00:00:00,wb1,
92,QRvotefImnsfZsjHvb,0,Deu,00:00:00,00:00:00,wb1,
93,QRvoteRmxRmglSsjtI,0,Deu,00:00:00,00:00:00,wb1,
94,QRvoteBVhGgUcq6KAI,0,Deu,00:00:00,00:00:00,wb1,
95,QRvoteuN1GzYdRyHGX,0,Deu,00:00:00,00:00:00,wb1,
96,QRvotehMzxRzYxQd1i,0,Deu,00:00:00,00:00:00,wb1,
97,QRvote0MPcBj20N0vG,0,Deu,00:00:00,00:00:00,wb1,
98,QRvoteIFUzJUjRVg4b,0,Deu,00:00:00,00:00:00,wb1,
99,QRvoteF81eAoLotX71,0,Deu,00:00:00,00:00:00,wb1,
100,QRvote58VfmGcjftUP,0,Deu,00:00:00,00:00:00,wb1,
101,QRvoteJdNjwwf1EyFL,0,Deu,00:00:00,00:00:00,wb1,
102,QRvotezFvOO59AOkXs,0,Deu,00:00:00,00:00:00,wb1,
103,QRvoteVlztM5LwWLxu,0,Deu,00:00:00,00:00:00,wb1,
104,QRvotezDcq6DOlPnla,0,Deu,00:00:00,00:00:00,wb1,
105,QRvotemCbZ8jrYaVbe,0,Deu,00:00:00,00:00:00,wb1,
106,QRvoteIy6zwRENKnqB,0,Deu,00:00:00,00:00:00,wb1,
107,QRvotezNzzfLflMSnT,0,Deu,00:00:00,00:00:00,wb1,
108,QRvoteCzzTqmCjYO4c,0,Deu,00:00:00,00:00:00,wb1,
109,QRvoteBMpF4Nkyf2Re,0,Deu,00:00:00,00:00:00,wb1,
110,QRvotevzI0n5nJHTnX,0,Deu,00:00:00,00:00:00,wb1,
111,QRvotevAR8vx6SfqJy,0,Deu,00:00:00,00:00:00,wb1,
112,QRvote0cTTGAsFz80D,0,Deu,00:00:00,00:00:00,wb1,
113,QRvoteJKbtHsmC8rZq,0,Deu,00:00:00,00:00:00,wb1,
114,QRvote2v80DmikZN46,0,Deu,00:00:00,00:00:00,wb1,
115,QRvoteExkKXcFNRAmF,0,Deu,00:00:00,00:00:00,wb1,
116,QRvoteAarrWrz0WIs8,0,Deu,00:00:00,00:00:00,wb1,
117,QRvote6Wyj4U7J9s7G,0,Deu,00:00:00,00:00:00,wb1,
118,QRvoteKVLZWwQo2JHQ,0,Deu,00:00:00,00:00:00,wb1,
119,QRvoteTZsjgy87LXVW,0,Deu,00:00:00,00:00:00,wb1,
120,QRvoteExCTDwTBizlq,0,Deu,00:00:00,00:00:00,wb1,
121,QRvoteqdVqxUNwHjHs,0,Deu,00:00:00,00:00:00,wb1,
122,QRvoteYeLxWzmrOds1,0,Deu,00:00:00,00:00:00,wb1,
123,QRvoteORP6NnhFgIEt,0,Deu,00:00:00,00:00:00,wb1,
124,QRvoteofLRo6oOMDeV,0,Deu,00:00:00,00:00:00,wb1,
125,QRvoteGjVthfT2IR0x,0,Deu,00:00:00,00:00:00,wb1,
126,QRvote1wYOzUCMl6V0,0,Deu,00:00:00,00:00:00,wb1,
127,QRvote7TYI4CdagW2N,0,Deu,00:00:00,00:00:00,wb1,
128,QRvotecylNw4j3qFWW,0,Deu,00:00:00,00:00:00,wb1,
129,QRvoteGHwMa1ii969b,0,Deu,00:00:00,00:00:00,wb1,
130,QRvoteA9sA3UzUM5p4,0,Deu,00:00:00,00:00:00,wb1,
131,QRvoteE0HfKH0dn80K,0,Deu,00:00:00,00:00:00,wb1,
132,QRvotezcx8xfZX4v8K,0,Deu,00:00:00,00:00:00,wb1,
133,QRvoteLidgP4OvKyjX,0,Deu,00:00:00,00:00:00,wb1,
134,QRvote9bYT3cdyf0oH,0,Deu,00:00:00,00:00:00,wb1,
135,QRvotelWJdzhTh1OS2,0,Deu,00:00:00,00:00:00,wb1,
136,QRvoteg98EQySy6N8F,0,Deu,00:00:00,00:00:00,wb1,
137,QRvotepWxzufV77C30,0,Deu,00:00:00,00:00:00,wb1,
138,QRvoteFVWSARfSyZjd,0,Deu,00:00:00,00:00:00,wb1,
139,QRvoteu2x9SVc4Ojv0,0,Deu,00:00:00,00:00:00,wb1,
140,QRvotexKVLNlCzdQCm,0,Deu,00:00:00,00:00:00,wb1,
141,QRvote5hhQoNcdZ5wU,0,Deu,00:00:00,00:00:00,wb1,
142,QRvotee8gQMepIxApE,0,Deu,00:00:00,00:00:00,wb1,
143,QRvotezzDeLQR7NPcl,0,Deu,00:00:00,00:00:00,wb1,
144,QRvoteSoo98JprerCc,0,Deu,00:00:00,00:00:00,wb1,
145,QRvoteeVuAzTgwR6bz,0,Deu,00:00:00,00:00:00,wb1,
146,QRvoteXcStmrVL00zg,0,Deu,00:00:00,00:00:00,wb1,
147,QRvoteFOVD3g5Afa6j,0,Deu,00:00:00,00:00:00,wb1,
148,QRvoteiD30xGxU2wFK,0,Deu,00:00:00,00:00:00,wb1,
149,QRvotemg4UDDxcVFHk,0,Deu,00:00:00,00:00:00,wb1,
150,QRvoteFtWdrw3gXAhT,0,Deu,00:00:00,00:00:00,wb1,
151,QRvoteG0GEbnz1qaxP,0,Deu,00:00:00,00:00:00,wb1,
152,QRvoterzNi02Sw1EZz,0,Deu,00:00:00,00:00:00,wb1,
153,QRvotevWN1B3e3L4al,0,Deu,00:00:00,00:00:00,wb1,
154,QRvotemCZn9l7xzTOq,0,Deu,00:00:00,00:00:00,wb1,
155,QRvotepN1zkV72OiQw,0,Deu,00:00:00,00:00:00,wb1,
156,QRvotezzhtytHuNSb3,0,Deu,00:00:00,00:00:00,wb1,
157,QRvoteaEhBHACCcom6,0,Deu,00:00:00,00:00:00,wb1,
158,QRvotebaCrOiTvGXeW,0,Deu,00:00:00,00:00:00,wb1,
159,QRvotewzXZ7BWVdVdk,0,Deu,00:00:00,00:00:00,wb1,
160,QRvotezqr1qjEzGg3Q,0,Deu,00:00:00,00:00:00,wb1,
161,QRvotelIKGL6hcbWdu,0,Deu,00:00:00,00:00:00,wb1,
162,QRvotezCeplb2jT1VO,0,Deu,00:00:00,00:00:00,wb1,
163,QRvote4zzfiWbn8zbz,0,Deu,00:00:00,00:00:00,wb1,
164,QRvotejJrgwIpHhr0g,0,Deu,00:00:00,00:00:00,wb1,
165,QRvotemN7jl2dUbkRq,0,Deu,00:00:00,00:00:00,wb1,
166,QRvotePz1vxhgDXyMi,0,Deu,00:00:00,00:00:00,wb1,
167,QRvotek8iqiUifjZIo,0,Deu,00:00:00,00:00:00,wb1,
168,QRvotep4n6FHOFuSmL,0,Deu,00:00:00,00:00:00,wb1,
169,QRvotes5azHzbLy0dg,0,Deu,00:00:00,00:00:00,wb1,
170,QRvotehaWgM3HQS41R,0,Deu,00:00:00,00:00:00,wb1,
171,QRvote3Xu14Zh8y5Un,0,Deu,00:00:00,00:00:00,wb1,
172,QRvoteS1ZTwNNCFzQW,0,Deu,00:00:00,00:00:00,wb1,
173,QRvotebNfaSyh3VSDl,0,Deu,00:00:00,00:00:00,wb1,
174,QRvoteUUplHh7ZzqSD,0,Deu,00:00:00,00:00:00,wb1,
175,QRvoteL4E4tZPbQEhz,0,Deu,00:00:00,00:00:00,wb1,
176,QRvoteyalN6Btntqra,0,Deu,00:00:00,00:00:00,wb1,
177,QRvotexNDggPwT3h78,0,Deu,00:00:00,00:00:00,wb1,
178,QRvotejH7QMknR2Yoy,0,Deu,00:00:00,00:00:00,wb1,
179,QRvotezDiRpWeqq6SP,0,Deu,00:00:00,00:00:00,wb1,
180,QRvotea24Fe0YTHGXC,0,Deu,00:00:00,00:00:00,wb1,
181,QRvoteoCvRKAd3viwd,0,Deu,00:00:00,00:00:00,wb1,
182,QRvoteKE4gi2a3QP2J,0,Deu,00:00:00,00:00:00,wb1,
183,QRvotekVVRC61ELNXX,0,Deu,00:00:00,00:00:00,wb1,
184,QRvotep2Mnw2UY0o7U,0,Deu,00:00:00,00:00:00,wb1,
185,QRvotejNjTh7fLvhAx,0,Deu,00:00:00,00:00:00,wb1,
186,QRvoteCJdN7FfLs58z,0,Deu,00:00:00,00:00:00,wb1,
187,QRvoteejvohqkls4lJ,0,Deu,00:00:00,00:00:00,wb1,
188,QRvote35yyyRA8pnsc,0,Deu,00:00:00,00:00:00,wb1,
189,QRvote0sbOznsmP1xn,0,Deu,00:00:00,00:00:00,wb1,
190,QRvotepDTzX3KMSNI2,0,Deu,00:00:00,00:00:00,wb1,
191,QRvoteGnmpKHoAGNmu,0,Pil,00:00:00,00:00:00,wb2,
192,QRvoteVB0TjT3lpKWk,0,Pil,00:00:00,00:00:00,wb2,
193,QRvotevGDi70adzC9Z,0,Pil,00:00:00,00:00:00,wb2,
194,QRvotelBvyd1Ty1Vri,0,Pil,00:00:00,00:00:00,wb2,
195,QRvoteqkTVQYcSBXbQ,0,Pil,00:00:00,00:00:00,wb2,
196,QRvoteopGzDU7EnM39,0,Pil,00:00:00,00:00:00,wb2,
197,QRvotefhNHYbzazXEE,0,Pil,00:00:00,00:00:00,wb2,
198,QRvoteuzdnmctUlylx,0,Pil,00:00:00,00:00:00,wb2,
199,QRvoteT9OTSGKvFGoF,0,Pil,00:00:00,00:00:00,wb2,
200,QRvoteb0EiRV8HjfF4,0,Pil,00:00:00,00:00:00,wb2,
201,QRvote9CzfsntUEgWa,0,Pil,00:00:00,00:00:00,wb2,
202,QRvote741DXHLrzqPu,0,Pil,00:00:00,00:00:00,wb2,
203,QRvoteslU141rXVEXw,0,Pil,00:00:00,00:00:00,wb2,
204,QRvotetXYQBEU758z7,0,Pil,00:00:00,00:00:00,wb2,
205,QRvoteUYLSLdakOwcb,0,Pil,00:00:00,00:00:00,wb2,
206,QRvotezbOj67h1yrF6,0,Pil,00:00:00,00:00:00,wb2,
207,QRvoteTN41WgHLMsZU,0,Pil,00:00:00,00:00:00,wb2,
208,QRvote1w8z2qhizL2W,0,Pil,00:00:00,00:00:00,wb2,
209,QRvote1D3TLzzS9SrX,0,Pil,00:00:00,00:00:00,wb2,
210,QRvotekrrS1V4p8px7,0,Pil,00:00:00,00:00:00,wb2,
211,QRvotevHNIdPvARc7v,0,Pil,00:00:00,00:00:00,wb2,
212,QRvoteaTqSB242N5Hi,0,Pil,00:00:00,00:00:00,wb2,
213,QRvote3qIvod8qZzTw,0,Pil,00:00:00,00:00:00,wb2,
214,QRvote1dWtXRSR8cm9,0,Pil,00:00:00,00:00:00,wb2,
215,QRvoteCzzOsdUnbjJ0,0,Pil,00:00:00,00:00:00,wb2,
216,QRvoteWcBQxgyLUSRt,0,Pil,00:00:00,00:00:00,wb2,
217,QRvotexmMKy08Lolwk,0,Pil,00:00:00,00:00:00,wb2,
218,QRvoteH1NCLRNNadMA,0,Pil,00:00:00,00:00:00,wb2,
219,QRvoteQ5Xduzy8W9KF,0,Pil,00:00:00,00:00:00,wb2,
220,QRvotezisSlAMCIoyz,0,Pil,00:00:00,00:00:00,wb2,
221,QRvotepfqWR9IDVjsT,0,Pil,00:00:00,00:00:00,wb2,
222,QRvote3ykGVJOJChoC,0,Pil,00:00:00,00:00:00,wb2,
223,QRvoteOE4M2PrnP1HI,0,Pil,00:00:00,00:00:00,wb2,
224,QRvotePnfEbFKoBymM,0,Pil,00:00:00,00:00:00,wb2,
225,QRvoteUM9nQodlC8Q7,0,Pil,00:00:00,00:00:00,wb2,
226,QRvoteSmRI0z5Ax60z,0,Pil,00:00:00,00:00:00,wb2,
227,QRvoteZJH9FbgckiDr,0,Pil,00:00:00,00:00:00,wb2,
228,QRvotewqwsY9sCzdPu,0,Pil,00:00:00,00:00:00,wb2,
229,QRvote7GWwLFOsqrmt,0,Pil,00:00:00,00:00:00,wb2,
230,QRvoteYLg7c4XUzR7b,0,Pil,00:00:00,00:00:00,wb2,
231,QRvoteZFvy50IhNgkO,0,Pil,00:00:00,00:00:00,wb2,
232,QRvoteHOOnJtZvJcB3,0,Pil,00:00:00,00:00:00,wb2,
233,QRvotebe87l7YG3kEd,0,Pil,00:00:00,00:00:00,wb2,
234,QRvote8fnFaiQRbGzg,0,Pil,00:00:00,00:00:00,wb2,
235,QRvoteHoDyOsG1fOY0,0,Pil,00:00:00,00:00:00,wb2,
236,QRvote7xc4azzNZsgk,0,Pil,00:00:00,00:00:00,wb2,
237,QRvote4FNYvBlopRkh,0,Pil,00:00:00,00:00:00,wb2,
238,QRvoteXMCjoowCp7lV,0,Pil,00:00:00,00:00:00,wb2,
239,QRvoteDU2fdd8pl5z7,0,Pil,00:00:00,00:00:00,wb2,
240,QRvote0OCBBzron0Tl,0,Pil,00:00:00,00:00:00,wb2,
241,QRvoteDYhZ3L9xYa4Q,0,Pil,00:00:00,00:00:00,wb2,
242,QRvotexRqKkrMGgBiO,0,Pil,00:00:00,00:00:00,wb2,
243,QRvoteFbrsMmWu6guo,0,Pil,00:00:00,00:00:00,wb2,
244,QRvoteiY9cucKYXCt1,0,Pil,00:00:00,00:00:00,wb2,
245,QRvotep3RP6aMCwkwW,0,Pil,00:00:00,00:00:00,wb2,
246,QRvoteFkHaXeZLmuMW,0,Pil,00:00:00,00:00:00,wb2,
247,QRvotej8EBdni1xSYL,0,Pil,00:00:00,00:00:00,wb2,
248,QRvoteN0EJUyDlIgjS,0,Pil,00:00:00,00:00:00,wb2,
249,QRvotevNXzujWBPnsu,0,Pil,00:00:00,00:00:00,wb2,
250,QRvoteaNLKVXbr7aOz,0,Pil,00:00:00,00:00:00,wb2,
251,QRvote9iIlaDVdhP03,0,Pil,00:00:00,00:00:00,wb2,
252,QRvoteA5L0qTiYg1Pa,0,Pil,00:00:00,00:00:00,wb2,
253,QRvote5oMsm1FcXhRW,0,Pil,00:00:00,00:00:00,wb2,
254,QRvoteT1t4T2dDLQYA,0,Pil,00:00:00,00:00:00,wb2,
255,QRvotenFdyrz7ve9pi,0,Pil,00:00:00,00:00:00,wb2,
256,QRvoteYzX0PLuBXoVk,0,Pil,00:00:00,00:00:00,wb2,
257,QRvotebKHlYx9uPHDZ,0,Pil,00:00:00,00:00:00,wb2,
258,QRvote9Dit19PUUrey,0,Pil,00:00:00,00:00:00,wb2,
259,QRvoteo4kFXGVQWAJA,0,Pil,00:00:00,00:00:00,wb2,
260,QRvotepvAagGboD6Y8,0,Pil,00:00:00,00:00:00,wb2,
261,QRvotemYEqUQvYUNpt,0,Deu,00:00:00,00:00:00,wb2,
262,QRvoteR9gzrXZeVN3f,0,Deu,00:00:00,00:00:00,wb2,
263,QRvoteSmA8Npsbquwu,0,Deu,00:00:00,00:00:00,wb2,
264,QRvotee5capIIaZ9zR,0,Deu,00:00:00,00:00:00,wb2,
265,QRvotex3UDeQNCNIpc,0,Deu,00:00:00,00:00:00,wb2,
266,QRvotefzA6TCKTL9g1,0,Deu,00:00:00,00:00:00,wb2,
267,QRvoteq2eCx0d0sxS9,0,Deu,00:00:00,00:00:00,wb2,
268,QRvoteF0nFYDwF5NrC,0,Deu,00:00:00,00:00:00,wb2,
269,QRvoteDyIVWepzyri0,0,Deu,00:00:00,00:00:00,wb2,
270,QRvotebMvrEzFUrtk4,0,Deu,00:00:00,00:00:00,wb2,
271,QRvotekPzYHhTxpq6o,0,Deu,00:00:00,00:00:00,wb2,
272,QRvote64bDElxY78Q5,0,Deu,00:00:00,00:00:00,wb2,
273,QRvotemCLyvnX3h3Q0,0,Deu,00:00:00,00:00:00,wb2,
274,QRvotenktAR8rKPQai,0,Deu,00:00:00,00:00:00,wb2,
275,QRvote8VQz7G7vK5RB,0,Deu,00:00:00,00:00:00,wb2,
276,QRvotezz2iONqXcMaj,0,Deu,00:00:00,00:00:00,wb2,
277,QRvote8ziaiVb9QT9V,0,Deu,00:00:00,00:00:00,wb2,
278,QRvotebLzHJDYXKOMo,0,Deu,00:00:00,00:00:00,wb2,
279,QRvotekk6C2L9ecnTV,0,Deu,00:00:00,00:00:00,wb2,
280,QRvote7gojGnN7xEbc,0,Deu,00:00:00,00:00:00,wb2,
281,QRvoteIxfFt1fzeSZh,0,Deu,00:00:00,00:00:00,wb2,
282,QRvoteg99Fj9dmYpLs,0,Deu,00:00:00,00:00:00,wb2,
283,QRvotetQg5Mj3a6BHY,0,Deu,00:00:00,00:00:00,wb2,
284,QRvoteFg4UrUMlzU65,0,Deu,00:00:00,00:00:00,wb2,
285,QRvote4xstcyYzF05l,0,Deu,00:00:00,00:00:00,wb2,
286,QRvote2wzrbhy3WhqR,0,Deu,00:00:00,00:00:00,wb2,
287,QRvoteX4msUJsIVlUq,0,Deu,00:00:00,00:00:00,wb2,
288,QRvoteHGnbWUmzvnKR,0,Deu,00:00:00,00:00:00,wb2,
289,QRvotegGzUbUQN5Xt6,0,Deu,00:00:00,00:00:00,wb2,
290,QRvoteLcHzBKzYI32R,0,Deu,00:00:00,00:00:00,wb2,
291,QRvoteA8MU4DT9zOfa,0,Deu,00:00:00,00:00:00,wb2,
292,QRvotegJtt14oSYll1,0,Deu,00:00:00,00:00:00,wb2,
293,QRvoteB1ozOOrEgCIp,0,Deu,00:00:00,00:00:00,wb2,
294,QRvoteQpPXI8J2hYAl,0,Deu,00:00:00,00:00:00,wb2,
295,QRvoteHCUpSrIoly1O,0,Deu,00:00:00,00:00:00,wb2,
296,QRvote8cuWMMigksns,0,Deu,00:00:00,00:00:00,wb2,
297,QRvotep5oCpahizB3o,0,Deu,00:00:00,00:00:00,wb2,
298,QRvotefic2nkKtSrM4,0,Deu,00:00:00,00:00:00,wb2,
299,QRvoteo0T2ofwHtt2e,0,Deu,00:00:00,00:00:00,wb2,
300,QRvotePsFLQZAcz4L1,0,Deu,00:00:00,00:00:00,wb2,
301,QRvoteTqaQfCUuUdh8,0,Deu,00:00:00,00:00:00,wb2,
302,QRvoter8b9HrrN0k27,0,Deu,00:00:00,00:00:00,wb2,
303,QRvoteQJxBnTqzyyXR,0,Deu,00:00:00,00:00:00,wb2,
304,QRvotevKJlbTgQmBrF,0,Deu,00:00:00,00:00:00,wb2,
305,QRvoteY1deNx4ZaiPs,0,Deu,00:00:00,00:00:00,wb2,
306,QRvoteRAgY8UkA36JE,0,Deu,00:00:00,00:00:00,wb2,
307,QRvoteKJtAlNAFmhua,0,Deu,00:00:00,00:00:00,wb2,
308,QRvoteEcXdlPKGmlxN,0,Deu,00:00:00,00:00:00,wb2,
309,QRvotejVvCkAwPVLNF,0,Deu,00:00:00,00:00:00,wb2,
310,QRvoteWdonNsxKE2C7,0,Deu,00:00:00,00:00:00,wb2,
311,QRvoteUHKMQDS7KcXj,0,Deu,00:00:00,00:00:00,wb2,
312,QRvotekKFjCLy8mJKM,0,Deu,00:00:00,00:00:00,wb2,
313,QRvoteJWzVNmChJmvv,0,Deu,00:00:00,00:00:00,wb2,
314,QRvotezvKzvIhIUTSE,0,Deu,00:00:00,00:00:00,wb2,
315,QRvotecVIjEiJg1TQz,0,Deu,00:00:00,00:00:00,wb2,
316,QRvotek0g2iMUytACb,0,Deu,00:00:00,00:00:00,wb2,
317,QRvotelN5uS0PJieOZ,0,Deu,00:00:00,00:00:00,wb2,
318,QRvote1gutPgnSBfJT,0,Deu,00:00:00,00:00:00,wb2,
319,QRvoteOYoAlLA74qYj,0,Deu,00:00:00,00:00:00,wb2,
320,QRvoteoptiztn6XZf9,0,Deu,00:00:00,00:00:00,wb2,
321,QRvoteaJNKlzEhvWeQ,0,Deu,00:00:00,00:00:00,wb2,
322,QRvoteZqNPjluFMzEN,0,Deu,00:00:00,00:00:00,wb2,
323,QRvote9js4RsIN8Dw0,0,Deu,00:00:00,00:00:00,wb2,
324,QRvoteLAMsFZIyzItv,0,Deu,00:00:00,00:00:00,wb2,
325,QRvoteS5emt9nvKIyF,0,Deu,00:00:00,00:00:00,wb2,
326,QRvoteEu3VXBLV9PKx,0,Deu,00:00:00,00:00:00,wb2,
327,QRvoteIwaMWHQpDFu3,0,Deu,00:00:00,00:00:00,wb2,
328,QRvotenoceMabfqg3S,0,Deu,00:00:00,00:00:00,wb2,
329,QRvoteg79Ah4n2mYvU,0,Deu,00:00:00,00:00:00,wb2,
330,QRvoteRqHmX1iU56L0,0,Deu,00:00:00,00:00:00,wb2,
331,QRvotex44r7ORvfK0D,0,Deu,00:00:00,00:00:00,wb2,
332,QRvoteQDLKjjPzAHWT,0,Deu,00:00:00,00:00:00,wb2,
333,QRvotefk4ovY51jMeN,0,Deu,00:00:00,00:00:00,wb2,
334,QRvotefwa5JFXMH620,0,Deu,00:00:00,00:00:00,wb2,
335,QRvote0xe3QBKEpPRW,0,Deu,00:00:00,00:00:00,wb2,
336,QRvoteRzWP2e1FCLyC,0,Deu,00:00:00,00:00:00,wb2,
337,QRvoteVOKhjlFmqRrz,0,Deu,00:00:00,00:00:00,wb2,
338,QRvoteLkrfRfbI2zvk,0,Deu,00:00:00,00:00:00,wb2,
339,QRvoted9g8JxxXBpwH,0,Deu,00:00:00,00:00:00,wb2,
340,QRvotePDGbxkCtqofX,0,Deu,00:00:00,00:00:00,wb2,
341,QRvote4MAjzljwMzwI,0,Deu,00:00:00,00:00:00,wb2,
342,QRvote5xTJKOgzoPlQ,0,Deu,00:00:00,00:00:00,wb2,
343,QRvoteGBmesOD5aoGH,0,Deu,00:00:00,00:00:00,wb2,
344,QRvote6Oq8Ru1QQcxa,0,Deu,00:00:00,00:00:00,wb2,
345,QRvotePqIWomGh85dD,0,Deu,00:00:00,00:00:00,wb2,
346,QRvotea1q3vaQvwDww,0,Deu,00:00:00,00:00:00,wb2,
347,QRvote24JwAsHewAWQ,0,Deu,00:00:00,00:00:00,wb2,
348,QRvoteoh0htsDTmAP0,0,Deu,00:00:00,00:00:00,wb2,
349,QRvote03SFwzkzY9Dx,0,Deu,00:00:00,00:00:00,wb2,
350,QRvotezkmzWHFqwNzp,0,Deu,00:00:00,00:00:00,wb2,
351,QRvote88ozsf3EuKd4,0,Deu,00:00:00,00:00:00,wb2,
352,QRvoteJV6iLW5x1Pyw,0,Deu,00:00:00,00:00:00,wb2,
353,QRvoteVU1hFuPbvqNG,0,Deu,00:00:00,00:00:00,wb2,
354,QRvoteuXRAaYLj3QA9,0,Deu,00:00:00,00:00:00,wb2,
355,QRvote4DARWxlqkMn0,0,Deu,00:00:00,00:00:00,wb2,
356,QRvotez0C8zOgH3zIt,0,Deu,00:00:00,00:00:00,wb2,
357,QRvoteWUfGlySUzU4f,0,Deu,00:00:00,00:00:00,wb2,
358,QRvotePmIwmzvhAiM0,0,Deu,00:00:00,00:00:00,wb2,
359,QRvoteA43QAQIq8Twn,0,Deu,00:00:00,00:00:00,wb2,
360,QRvote4WtPdzHOL1uT,0,Deu,00:00:00,00:00:00,wb2,
361,QRvoteOtlSLUvZJzOD,0,Deu,00:00:00,00:00:00,wb2,
362,QRvoteqLfvzsKDh5Yb,0,Deu,00:00:00,00:00:00,wb2,
363,QRvotevPJ981OjOwCE,0,Deu,00:00:00,00:00:00,wb2,
364,QRvoteC0ZLeR5d0Eh9,0,Deu,00:00:00,00:00:00,wb2,
365,QRvote6vHA9BK7Ibka,0,Deu,00:00:00,00:00:00,wb2,
366,QRvoteOfZeAIQMg7sX,0,Deu,00:00:00,00:00:00,wb2,
367,QRvoteTTGYDn0Bi93v,0,Deu,00:00:00,00:00:00,wb2,
368,QRvoteIjK1qhanztTs,0,Deu,00:00:00,00:00:00,wb2,
369,QRvoteGiqHQ89DTuBn,0,Deu,00:00:00,00:00:00,wb2,
370,QRvotefzGnWHoteQnR,0,Deu,00:00:00,00:00:00,wb2,
371,QRvotezqbBurxKHmvS,0,Deu,00:00:00,00:00:00,wb2,
372,QRvotezfjpR5jB8Aa6,0,Deu,00:00:00,00:00:00,wb2,
373,QRvote0fvJuk3Ofq3C,0,Deu,00:00:00,00:00:00,wb2,
374,QRvoteTjFtqsdSZzTy,0,Deu,00:00:00,00:00:00,wb2,
375,QRvotegLSOht7yW9pv,0,Deu,00:00:00,00:00:00,wb2,
376,QRvote81kUqfFDbMvk,0,Deu,00:00:00,00:00:00,wb2,
377,QRvote3XGi4Kshp9BO,0,Deu,00:00:00,00:00:00,wb2,
378,QRvoteW1TuoIBDDLzZ,0,Deu,00:00:00,00:00:00,wb2,
379,QRvoteTDzGttUTzP2x,0,Deu,00:00:00,00:00:00,wb2,
380,QRvoteJNAjqzNbapc6,0,Deu,00:00:00,00:00:00,wb2,
381,QRvotedTsoT8SB8JSz,0,Pil,00:00:00,00:00:00,wb3,
382,QRvotefar5CIF4LRV9,0,Pil,00:00:00,00:00:00,wb3,
383,QRvote2YWVASQVNJYT,0,Pil,00:00:00,00:00:00,wb3,
384,QRvotee0vpxod6ONcW,0,Pil,00:00:00,00:00:00,wb3,
385,QRvotegfoMrpN2l7Sl,0,Pil,00:00:00,00:00:00,wb3,
386,QRvoteijqQpCCwOy7N,0,Pil,00:00:00,00:00:00,wb3,
387,QRvotegjcP6MpiUJz1,0,Pil,00:00:00,00:00:00,wb3,
388,QRvotegLqpWmnqkV15,0,Pil,00:00:00,00:00:00,wb3,
389,QRvotekXfqckz698OZ,0,Pil,00:00:00,00:00:00,wb3,
390,QRvote0Z63Lh4GAp5B,0,Pil,00:00:00,00:00:00,wb3,
391,QRvotevzf5n3jFfMUL,0,Pil,00:00:00,00:00:00,wb3,
392,QRvotez5RyEkfWrzI0,0,Pil,00:00:00,00:00:00,wb3,
393,QRvote0DX2Vdmux0ZA,0,Pil,00:00:00,00:00:00,wb3,
394,QRvoteYwKXHy55scxz,0,Pil,00:00:00,00:00:00,wb3,
395,QRvoteIuO4CxXzl70W,0,Pil,00:00:00,00:00:00,wb3,
396,QRvotem9WdK3og3w6A,0,Pil,00:00:00,00:00:00,wb3,
397,QRvoteda1dodmQh3zh,0,Pil,00:00:00,00:00:00,wb3,
398,QRvoteusKzHTObc5CH,0,Pil,00:00:00,00:00:00,wb3,
399,QRvoteynkgnjzw77zt,0,Pil,00:00:00,00:00:00,wb3,
400,QRvoteRqvz3UTYwChc,0,Pil,00:00:00,00:00:00,wb3,
401,QRvotevPtiABaBOykz,0,Pil,00:00:00,00:00:00,wb3,
402,QRvotewtiRhaqCknfS,0,Pil,00:00:00,00:00:00,wb3,
403,QRvotenVTSfM1m9Xph,0,Pil,00:00:00,00:00:00,wb3,
404,QRvotergn5Jp9rE84w,0,Pil,00:00:00,00:00:00,wb3,
405,QRvoteIv1h7kx3jpj6,0,Pil,00:00:00,00:00:00,wb3,
406,QRvote0aFDq9Sqf9Se,0,Pil,00:00:00,00:00:00,wb3,
407,QRvotezWKhzlfNFtnC,0,Pil,00:00:00,00:00:00,wb3,
408,QRvoteZ5XJHwihCSPI,0,Pil,00:00:00,00:00:00,wb3,
409,QRvotegQSFccDMV4st,0,Pil,00:00:00,00:00:00,wb3,
410,QRvotekF7aH9PpTdcG,0,Pil,00:00:00,00:00:00,wb3,
411,QRvotebV99q2BFBwfl,0,Pil,00:00:00,00:00:00,wb3,
412,QRvoteeSRZ10bDh0zG,0,Pil,00:00:00,00:00:00,wb3,
413,QRvoten81DA88kaLGz,0,Pil,00:00:00,00:00:00,wb3,
414,QRvote4dN9sUp1mi2J,0,Pil,00:00:00,00:00:00,wb3,
415,QRvotehHjael2wGdYJ,0,Pil,00:00:00,00:00:00,wb3,
416,QRvotelV3eC4VzpYDt,0,Pil,00:00:00,00:00:00,wb3,
417,QRvote5YqEEFpwCGfP,0,Pil,00:00:00,00:00:00,wb3,
418,QRvote61GCdJ61T9Au,0,Pil,00:00:00,00:00:00,wb3,
419,QRvote2nN6ldX7zl7B,0,Pil,00:00:00,00:00:00,wb3,
420,QRvotezXTjFU8HoXBA,0,Pil,00:00:00,00:00:00,wb3,
421,QRvoteBNo1ZJ4LPTmp,0,Pil,00:00:00,00:00:00,wb3,
422,QRvotemKdccubK81Uc,0,Pil,00:00:00,00:00:00,wb3,
423,QRvotezbBeNCfMIAJh,0,Pil,00:00:00,00:00:00,wb3,
424,QRvoteZvVuPP9HRHVj,0,Pil,00:00:00,00:00:00,wb3,
425,QRvoteaPvgzsrww4tf,0,Pil,00:00:00,00:00:00,wb3,
426,QRvoteF6zn4bNks8xP,0,Pil,00:00:00,00:00:00,wb3,
427,QRvotepiktWBRq3WBX,0,Pil,00:00:00,00:00:00,wb3,
428,QRvoteLWsrAFgDQRhp,0,Pil,00:00:00,00:00:00,wb3,
429,QRvoteFmtJ2iOHRVRk,0,Pil,00:00:00,00:00:00,wb3,
430,QRvotetiQp3JYGDFBw,0,Pil,00:00:00,00:00:00,wb3,
431,QRvote5z0LS79FLNPE,0,Pil,00:00:00,00:00:00,wb3,
432,QRvotenhXPwgjlzIL6,0,Pil,00:00:00,00:00:00,wb3,
433,QRvote33g4z0fStAgw,0,Pil,00:00:00,00:00:00,wb3,
434,QRvotesjzR9oVbP8Yh,0,Pil,00:00:00,00:00:00,wb3,
435,QRvote5A3g2k3Z2qyR,0,Pil,00:00:00,00:00:00,wb3,
436,QRvote5ClzObrtenp8,0,Pil,00:00:00,00:00:00,wb3,
437,QRvoteVFd5UT7f3Isx,0,Pil,00:00:00,00:00:00,wb3,
438,QRvotealyZahxEWFpV,0,Pil,00:00:00,00:00:00,wb3,
439,QRvotejzW53IgH60zl,0,Pil,00:00:00,00:00:00,wb3,
440,QRvote68uRjhp7ZBiy,0,Pil,00:00:00,00:00:00,wb3,
441,QRvoteUNbCAeUzKz3R,0,Pil,00:00:00,00:00:00,wb3,
442,QRvoteFqE5j3bnvxAr,0,Pil,00:00:00,00:00:00,wb3,
443,QRvote2wHKrcz3vPLQ,0,Pil,00:00:00,00:00:00,wb3,
444,QRvote3YlRpXtnxRso,0,Pil,00:00:00,00:00:00,wb3,
445,QRvote3qn3BzDzKAV3,0,Pil,00:00:00,00:00:00,wb3,
446,QRvoteIARcj6DaJxLE,0,Pil,00:00:00,00:00:00,wb3,
447,QRvote0zlOtC5w2SnV,0,Pil,00:00:00,00:00:00,wb3,
448,QRvotedFuTPQMJf7zq,0,Pil,00:00:00,00:00:00,wb3,
449,QRvoteEmFjW6Ci6GDv,0,Pil,00:00:00,00:00:00,wb3,
450,QRvoteasZg5ICaDJ5i,0,Pil,00:00:00,00:00:00,wb3,
451,QRvoteskCZwdPrRXAV,0,Deu,00:00:00,00:00:00,wb3,
452,QRvotedNzVmr2kFNSA,0,Deu,00:00:00,00:00:00,wb3,
453,QRvotetj3NPcupvmA8,0,Deu,00:00:00,00:00:00,wb3,
454,QRvotex3ZkzyCZRTYG,0,Deu,00:00:00,00:00:00,wb3,
455,QRvoteCyeSS94uBsRL,0,Deu,00:00:00,00:00:00,wb3,
456,QRvoteI00h5mF5GEvz,0,Deu,00:00:00,00:00:00,wb3,
457,QRvoteGrgEP5i15lwH,0,Deu,00:00:00,00:00:00,wb3,
458,QRvoteIvoRkcfWq1uY,0,Deu,00:00:00,00:00:00,wb3,
459,QRvoterMs5nzc8fi8m,0,Deu,00:00:00,00:00:00,wb3,
460,QRvoteZwe50hluNAht,0,Deu,00:00:00,00:00:00,wb3,
461,QRvotek3UGpDKqlzY6,0,Deu,00:00:00,00:00:00,wb3,
462,QRvoted6Fsblf4zvzV,0,Deu,00:00:00,00:00:00,wb3,
463,QRvoter2BefMAtqJ4K,0,Deu,00:00:00,00:00:00,wb3,
464,QRvotehvvw3sXPvm3r,0,Deu,00:00:00,00:00:00,wb3,
465,QRvoteeHwRzAzCNPwq,0,Deu,00:00:00,00:00:00,wb3,
466,QRvoteYBfzjaAypfKn,0,Deu,00:00:00,00:00:00,wb3,
467,QRvoteg0h0v1w97MfI,0,Deu,00:00:00,00:00:00,wb3,
468,QRvotezlmdJtukcTqq,0,Deu,00:00:00,00:00:00,wb3,
469,QRvoteWwdNS6L69i26,0,Deu,00:00:00,00:00:00,wb3,
470,QRvotec1DcVMEdOXNu,0,Deu,00:00:00,00:00:00,wb3,
471,QRvoteRz0zIPDou7RJ,0,Deu,00:00:00,00:00:00,wb3,
472,QRvoteBPuSUpxW1uKv,0,Deu,00:00:00,00:00:00,wb3,
473,QRvote3vlNe3evaXJw,0,Deu,00:00:00,00:00:00,wb3,
474,QRvoteFbxjFEOTSOOr,0,Deu,00:00:00,00:00:00,wb3,
475,QRvoteXgyXWnNcHM5K,0,Deu,00:00:00,00:00:00,wb3,
476,QRvoteWGzuBlpMU1py,0,Deu,00:00:00,00:00:00,wb3,
477,QRvote4mKVLDbPa22o,0,Deu,00:00:00,00:00:00,wb3,
478,QRvoteVh1YfA89lD7c,0,Deu,00:00:00,00:00:00,wb3,
479,QRvoteozumVl5UyUBR,0,Deu,00:00:00,00:00:00,wb3,
480,QRvote3NcWcwSWcBU2,0,Deu,00:00:00,00:00:00,wb3,
481,QRvote8zvZ6N93G1rx,0,Deu,00:00:00,00:00:00,wb3,
482,QRvoteZtZEHcml4OAm,0,Deu,00:00:00,00:00:00,wb3,
483,QRvotetzHBfnqkQzCv,0,Deu,00:00:00,00:00:00,wb3,
484,QRvoter45mg1N9VUl2,0,Deu,00:00:00,00:00:00,wb3,
485,QRvoteSqCglfBZOEX8,0,Deu,00:00:00,00:00:00,wb3,
486,QRvotepHtxLYEwDtle,0,Deu,00:00:00,00:00:00,wb3,
487,QRvotes4R9AtJVt1Mt,0,Deu,00:00:00,00:00:00,wb3,
488,QRvotefyQZaYwG0nXF,0,Deu,00:00:00,00:00:00,wb3,
489,QRvotekQZSpaYi58DJ,0,Deu,00:00:00,00:00:00,wb3,
490,QRvoteT3zCHyuAgDIn,0,Deu,00:00:00,00:00:00,wb3,
491,QRvote0LmhpX0snYZx,0,Deu,00:00:00,00:00:00,wb3,
492,QRvoteKmU9AHKIYiK2,0,Deu,00:00:00,00:00:00,wb3,
493,QRvote3ABKNi5LRKED,0,Deu,00:00:00,00:00:00,wb3,
494,QRvoteaOeOk3XA2Wph,0,Deu,00:00:00,00:00:00,wb3,
495,QRvoteg4OwD21ViZL5,0,Deu,00:00:00,00:00:00,wb3,
496,QRvotehHI9kHYmPFZ4,0,Deu,00:00:00,00:00:00,wb3,
497,QRvoteVQoerAKmFQ5r,0,Deu,00:00:00,00:00:00,wb3,
498,QRvoteEV43F9pNNJHg,0,Deu,00:00:00,00:00:00,wb3,
499,QRvotezCYebVrE5dzL,0,Deu,00:00:00,00:00:00,wb3,
500,QRvoteQeB6fxGVdEWn,0,Deu,00:00:00,00:00:00,wb3,
501,QRvoteX83X0bUCq6Pj,0,Deu,00:00:00,00:00:00,wb3,
502,QRvotev3Xarz225ecm,0,Deu,00:00:00,00:00:00,wb3,
503,QRvotez8Xg182VekJm,0,Deu,00:00:00,00:00:00,wb3,
504,QRvotediV9zFz13JBA,0,Deu,00:00:00,00:00:00,wb3,
505,QRvotesMbJKDIOPMWM,0,Deu,00:00:00,00:00:00,wb3,
506,QRvoteMDDUGWfyAOs2,0,Deu,00:00:00,00:00:00,wb3,
507,QRvote2Beq6K8CZEid,0,Deu,00:00:00,00:00:00,wb3,
508,QRvoteS93dBIzkjqjT,0,Deu,00:00:00,00:00:00,wb3,
509,QRvoteXMe0vWL835i8,0,Deu,00:00:00,00:00:00,wb3,
510,QRvoteI33zhhcqJjDm,0,Deu,00:00:00,00:00:00,wb3,
511,QRvoteNJzj34uMMJj5,0,Deu,00:00:00,00:00:00,wb3,
512,QRvoteTx452NGI12xb,0,Deu,00:00:00,00:00:00,wb3,
513,QRvoteoaQmM24W3GYi,0,Deu,00:00:00,00:00:00,wb3,
514,QRvoter3qiL3oO2vHH,0,Deu,00:00:00,00:00:00,wb3,
515,QRvoteozUzpnYqcv0w,0,Deu,00:00:00,00:00:00,wb3,
516,QRvoteBrZjkER7tRCz,0,Deu,00:00:00,00:00:00,wb3,
517,QRvotekLAnQOzBdYqn,0,Deu,00:00:00,00:00:00,wb3,
518,QRvoteQHlxzZ8u5953,0,Deu,00:00:00,00:00:00,wb3,
519,QRvoteki7YSxcOC6UE,0,Deu,00:00:00,00:00:00,wb3,
520,QRvote6HjhoLzVkVwF,0,Deu,00:00:00,00:00:00,wb3,
521,QRvote4LMPvzBQchQ5,0,Deu,00:00:00,00:00:00,wb3,
522,QRvotes3wTD3cMzuSR,0,Deu,00:00:00,00:00:00,wb3,
523,QRvoteW5CJcS2zwlEy,0,Deu,00:00:00,00:00:00,wb3,
524,QRvoteXACCN0z18mUk,0,Deu,00:00:00,00:00:00,wb3,
525,QRvoteb4dBXPkDalkc,0,Deu,00:00:00,00:00:00,wb3,
526,QRvote1ZwnijqKuqTl,0,Deu,00:00:00,00:00:00,wb3,
527,QRvotecRvZ2PXz3FGH,0,Deu,00:00:00,00:00:00,wb3,
528,QRvoteLxxhUoB8ahnO,0,Deu,00:00:00,00:00:00,wb3,
529,QRvotesuznizz0zIVs,0,Deu,00:00:00,00:00:00,wb3,
530,QRvoteTcdSLBnx0HPt,0,Deu,00:00:00,00:00:00,wb3,
531,QRvoterY2UlM30oC67,0,Deu,00:00:00,00:00:00,wb3,
532,QRvoteglY57vIhChTp,0,Deu,00:00:00,00:00:00,wb3,
533,QRvoteYMyzVxXxcgkC,0,Deu,00:00:00,00:00:00,wb3,
534,QRvote7ZlRiLzjFSRl,0,Deu,00:00:00,00:00:00,wb3,
535,QRvotezj9jwlp5HqxV,0,Deu,00:00:00,00:00:00,wb3,
536,QRvotevxQkqieF2TRd,0,Deu,00:00:00,00:00:00,wb3,
537,QRvoteUPT5XxB5HZYY,0,Deu,00:00:00,00:00:00,wb3,
538,QRvoteygioheycSXu2,0,Deu,00:00:00,00:00:00,wb3,
539,QRvotej30GIzvbQHXv,0,Deu,00:00:00,00:00:00,wb3,
540,QRvoteezqpCPNW1Kt6,0,Deu,00:00:00,00:00:00,wb3,
541,QRvotewAQJo84y7ywf,0,Deu,00:00:00,00:00:00,wb3,
542,QRvote8R6JE9i03U1E,0,Deu,00:00:00,00:00:00,wb3,
543,QRvotew4AegU2VxoBT,0,Deu,00:00:00,00:00:00,wb3,
544,QRvoteygQuCwfq1KRM,0,Deu,00:00:00,00:00:00,wb3,
545,QRvote6nytfPOQoZmK,0,Deu,00:00:00,00:00:00,wb3,
546,QRvote7tp3b2U4zFxu,0,Deu,00:00:00,00:00:00,wb3,
547,QRvoteIdqYpqfaRAgH,0,Deu,00:00:00,00:00:00,wb3,
548,QRvoteLGeX4ugaBonr,0,Deu,00:00:00,00:00:00,wb3,
549,QRvoteCuUyPC0trbaM,0,Deu,00:00:00,00:00:00,wb3,
550,QRvoteIOg5zYMItWDC,0,Deu,00:00:00,00:00:00,wb3,
551,QRvotejzZPh6WsDSYQ,0,Deu,00:00:00,00:00:00,wb3,
552,QRvoteWt7JbWzb1rrc,0,Deu,00:00:00,00:00:00,wb3,
553,QRvotezmjOUiGt5hiZ,0,Deu,00:00:00,00:00:00,wb3,
554,QRvotekTNkRk0QJz9t,0,Deu,00:00:00,00:00:00,wb3,
555,QRvotehBSckaeBK3ol,0,Deu,00:00:00,00:00:00,wb3,
556,QRvotell6P41A7NSfz,0,Deu,00:00:00,00:00:00,wb3,
557,QRvotexIxQJ8zITiwm,0,Deu,00:00:00,00:00:00,wb3,
558,QRvoteunzYfIINfK83,0,Deu,00:00:00,00:00:00,wb3,
559,QRvotebGhwmnvOx7NE,0,Deu,00:00:00,00:00:00,wb3,
560,QRvoteWqJOZslMla6P,0,Deu,00:00:00,00:00:00,wb3,
561,QRvotelpO67m6v6cFb,0,Deu,00:00:00,00:00:00,wb3,
562,QRvotenbS7jCsrwO7y,0,Deu,00:00:00,00:00:00,wb3,
563,QRvote06zEyeE408cp,0,Deu,00:00:00,00:00:00,wb3,
564,QRvoteKGEWJQ4J8OZ4,0,Deu,00:00:00,00:00:00,wb3,
565,QRvotevHtQI4qOewvV,0,Deu,00:00:00,00:00:00,wb3,
566,QRvoteIXSug6uRzoCz,0,Deu,00:00:00,00:00:00,wb3,
567,QRvoteU4we1BuSfcIK,0,Deu,00:00:00,00:00:00,wb3,
568,QRvoteuCQudDcUPVdV,0,Deu,00:00:00,00:00:00,wb3,
569,QRvotelkMjNbF0B5t3,0,Deu,00:00:00,00:00:00,wb3,
570,QRvotedio1i1GZwJlB,0,Deu,00:00:00,00:00:00,wb3,
571,QRvoteIOCJZeQ0Hpkg,0,Pil,00:00:00,00:00:00,wb4,
572,QRvoteKXXPNJEsBACn,0,Pil,00:00:00,00:00:00,wb4,
573,QRvoteezcywHuXo3vz,0,Pil,00:00:00,00:00:00,wb4,
574,QRvoteembs31xkkjJV,0,Pil,00:00:00,00:00:00,wb4,
575,QRvotemoi9I8qf1ZqV,0,Pil,00:00:00,00:00:00,wb4,
576,QRvote9MEUGclmUQ90,0,Pil,00:00:00,00:00:00,wb4,
577,QRvoteqf9TzM22OzNg,0,Pil,00:00:00,00:00:00,wb4,
578,QRvoteuzx1QPrwQb3o,0,Pil,00:00:00,00:00:00,wb4,
579,QRvoteRb1mQ1OTxBjz,0,Pil,00:00:00,00:00:00,wb4,
580,QRvotem5viSq9BdtXR,0,Pil,00:00:00,00:00:00,wb4,
581,QRvotezB0s8m67ykz7,0,Pil,00:00:00,00:00:00,wb4,
582,QRvotev4Twfp7cNOtk,0,Pil,00:00:00,00:00:00,wb4,
583,QRvoteqv6uERlTpvbd,0,Pil,00:00:00,00:00:00,wb4,
584,QRvoteKT9Nk6PtsvP4,0,Pil,00:00:00,00:00:00,wb4,
585,QRvotejAtc3Vxm16gX,0,Pil,00:00:00,00:00:00,wb4,
586,QRvoteDdeu3FaGFeoz,0,Pil,00:00:00,00:00:00,wb4,
587,QRvotelWvJlX7Ess6I,0,Pil,00:00:00,00:00:00,wb4,
588,QRvotezo0nmzzc0WH2,0,Pil,00:00:00,00:00:00,wb4,
589,QRvotemyazusLyRkbc,0,Pil,00:00:00,00:00:00,wb4,
590,QRvote5ngxRYMW0Qf1,0,Pil,00:00:00,00:00:00,wb4,
591,QRvote6zsnwMMKyluQ,0,Pil,00:00:00,00:00:00,wb4,
592,QRvoteT2EKgh25a52Y,0,Pil,00:00:00,00:00:00,wb4,
593,QRvote69DAKKsto64k,0,Pil,00:00:00,00:00:00,wb4,
594,QRvoteSQwUIHPhslNW,0,Pil,00:00:00,00:00:00,wb4,
595,QRvoteZZt2ajNxowwL,0,Pil,00:00:00,00:00:00,wb4,
596,QRvoteqrzdbpDkXOob,0,Pil,00:00:00,00:00:00,wb4,
597,QRvoteREv6YiPLz9e1,0,Pil,00:00:00,00:00:00,wb4,
598,QRvoteGiu0hzEE4hfj,0,Pil,00:00:00,00:00:00,wb4,
599,QRvoteDSe4R5ZZuz31,0,Pil,00:00:00,00:00:00,wb4,
600,QRvote1i6KwK9SoBba,0,Pil,00:00:00,00:00:00,wb4,
601,QRvoteI59aUzqFHKMB,0,Pil,00:00:00,00:00:00,wb4,
602,QRvoteTH04EktAttb3,0,Pil,00:00:00,00:00:00,wb4,
603,QRvoteh0SppPxc4G0z,0,Pil,00:00:00,00:00:00,wb4,
604,QRvoteunqdcVwI9IcS,0,Pil,00:00:00,00:00:00,wb4,
605,QRvotetoDeNd03wkHZ,0,Pil,00:00:00,00:00:00,wb4,
606,QRvoteoMgCk6l4VAO6,0,Pil,00:00:00,00:00:00,wb4,
607,QRvotef5goWxTWwfaK,0,Pil,00:00:00,00:00:00,wb4,
608,QRvoteTZwIKSNqLzyI,0,Pil,00:00:00,00:00:00,wb4,
609,QRvoteAdWzAwHyPrt6,0,Pil,00:00:00,00:00:00,wb4,
610,QRvoteyqaU468vWlzx,0,Pil,00:00:00,00:00:00,wb4,
611,QRvote1VD2q1pUDgut,0,Pil,00:00:00,00:00:00,wb4,
612,QRvote9zhFlLObAVVh,0,Pil,00:00:00,00:00:00,wb4,
613,QRvoteZEaltcT40TU1,0,Pil,00:00:00,00:00:00,wb4,
614,QRvoteP8kM6xi47J9e,0,Pil,00:00:00,00:00:00,wb4,
615,QRvoteAn6LH1TT7E01,0,Pil,00:00:00,00:00:00,wb4,
616,QRvoteLEOzZ6FUPeqf,0,Pil,00:00:00,00:00:00,wb4,
617,QRvotek5ffXi7s1Ze9,0,Pil,00:00:00,00:00:00,wb4,
618,QRvotefjCv1e0JURSG,0,Pil,00:00:00,00:00:00,wb4,
619,QRvoteAlNvLYmK6dli,0,Pil,00:00:00,00:00:00,wb4,
620,QRvote1LNVzitHhzzg,0,Pil,00:00:00,00:00:00,wb4,
621,QRvoteMdAKa6xRMG5m,0,Pil,00:00:00,00:00:00,wb4,
622,QRvoteqrXMDmrQNl6t,0,Pil,00:00:00,00:00:00,wb4,
623,QRvoteDcxZxV6zDe7p,0,Pil,00:00:00,00:00:00,wb4,
624,QRvoteF6zespy77fRa,0,Pil,00:00:00,00:00:00,wb4,
625,QRvote8nSvANqnpSAs,0,Pil,00:00:00,00:00:00,wb4,
626,QRvote0afof2lU1qcb,0,Pil,00:00:00,00:00:00,wb4,
627,QRvote3y4rC1PT1hz9,0,Pil,00:00:00,00:00:00,wb4,
628,QRvotesGQdVWMYozu4,0,Pil,00:00:00,00:00:00,wb4,
629,QRvotewpCn56NdKPZ5,0,Pil,00:00:00,00:00:00,wb4,
630,QRvotezAiQfAlZjBUH,0,Pil,00:00:00,00:00:00,wb4,
631,QRvoteSZeeQzEsPsBr,0,Pil,00:00:00,00:00:00,wb4,
632,QRvoteB0jKnaoIP69S,0,Pil,00:00:00,00:00:00,wb4,
633,QRvoteXseVZzzDuWpF,0,Pil,00:00:00,00:00:00,wb4,
634,QRvotezkmY2aGrAlKp,0,Pil,00:00:00,00:00:00,wb4,
635,QRvoteZWAcyViqnohK,0,Pil,00:00:00,00:00:00,wb4,
636,QRvoteTh82msqvab72,0,Pil,00:00:00,00:00:00,wb4,
637,QRvoteq3TbArugYbHd,0,Pil,00:00:00,00:00:00,wb4,
638,QRvote7th8RzA4EQsc,0,Pil,00:00:00,00:00:00,wb4,
639,QRvoteIptd4TWqARQY,0,Pil,00:00:00,00:00:00,wb4,
640,QRvoteHQSPpPib9mzR,0,Pil,00:00:00,00:00:00,wb4,
641,QRvoteKsFMFuQHv2wd,0,Deu,00:00:00,00:00:00,wb4,
642,QRvote296HHkSwiOBU,0,Deu,00:00:00,00:00:00,wb4,
643,QRvoterex6zfCzYt3z,0,Deu,00:00:00,00:00:00,wb4,
644,QRvoteGmKo0cAPlyqx,0,Deu,00:00:00,00:00:00,wb4,
645,QRvoteU6FcWEIj4Rb6,0,Deu,00:00:00,00:00:00,wb4,
646,QRvoteOj2CSlfwbEEc,0,Deu,00:00:00,00:00:00,wb4,
647,QRvotej4qx6TPTI6Kn,0,Deu,00:00:00,00:00:00,wb4,
648,QRvoteS2xwCA2XbzUt,0,Deu,00:00:00,00:00:00,wb4,
649,QRvoteFMe1JcyAiLj9,0,Deu,00:00:00,00:00:00,wb4,
650,QRvoteCE3N3XlrY2We,0,Deu,00:00:00,00:00:00,wb4,
651,QRvoteyKLikc6TcczP,0,Deu,00:00:00,00:00:00,wb4,
652,QRvotebjSvvmNtv62Y,0,Deu,00:00:00,00:00:00,wb4,
653,QRvoteoJeiEmn9GnVk,0,Deu,00:00:00,00:00:00,wb4,
654,QRvotefBMShh2AT7zD,0,Deu,00:00:00,00:00:00,wb4,
655,QRvoteLiLfwzMfs3RV,0,Deu,00:00:00,00:00:00,wb4,
656,QRvote77Bp2y89OK7p,0,Deu,00:00:00,00:00:00,wb4,
657,QRvotesuK2v2nI7fWk,0,Deu,00:00:00,00:00:00,wb4,
658,QRvote53kasU5DUz74,0,Deu,00:00:00,00:00:00,wb4,
659,QRvoteahhzIJSYC3qu,0,Deu,00:00:00,00:00:00,wb4,
660,QRvote2U9GoBLKRNGQ,0,Deu,00:00:00,00:00:00,wb4,
661,QRvotelV8SxGxT2PJW,0,Deu,00:00:00,00:00:00,wb4,
662,QRvotegXUWzNJ2BHfg,0,Deu,00:00:00,00:00:00,wb4,
663,QRvote5HurrIKundZn,0,Deu,00:00:00,00:00:00,wb4,
664,QRvoteBtYTr4RclP0t,0,Deu,00:00:00,00:00:00,wb4,
665,QRvoteesvzRcqECPDj,0,Deu,00:00:00,00:00:00,wb4,
666,QRvoteATWvKgW33JkC,0,Deu,00:00:00,00:00:00,wb4,
667,QRvoteinvv6pfMwE4d,0,Deu,00:00:00,00:00:00,wb4,
668,QRvotezpXxBCAipbFI,0,Deu,00:00:00,00:00:00,wb4,
669,QRvoteShxEY0ffClmJ,0,Deu,00:00:00,00:00:00,wb4,
670,QRvotejbL4ASbScOch,0,Deu,00:00:00,00:00:00,wb4,
671,QRvote6C3HbgFO2RZL,0,Deu,00:00:00,00:00:00,wb4,
672,QRvoteLGltjCXcEGze,0,Deu,00:00:00,00:00:00,wb4,
673,QRvotep0puvUqUXflA,0,Deu,00:00:00,00:00:00,wb4,
674,QRvoteDhhDa8GWYNcB,0,Deu,00:00:00,00:00:00,wb4,
675,QRvoteVsikXMrCtvi5,0,Deu,00:00:00,00:00:00,wb4,
676,QRvoteTnZkpCyVp2Om,0,Deu,00:00:00,00:00:00,wb4,
677,QRvotegHJdqFc9Kb9M,0,Deu,00:00:00,00:00:00,wb4,
678,QRvotesflTl0V5CVjT,0,Deu,00:00:00,00:00:00,wb4,
679,QRvoteIPzPTOzsNF7g,0,Deu,00:00:00,00:00:00,wb4,
680,QRvoteKSuig33mllIT,0,Deu,00:00:00,00:00:00,wb4,
681,QRvoteKPHnhkekTmon,0,Deu,00:00:00,00:00:00,wb4,
682,QRvote9EVlAQpWue8S,0,Deu,00:00:00,00:00:00,wb4,
683,QRvoteAOsz0zMFgPZM,0,Deu,00:00:00,00:00:00,wb4,
684,QRvoteQmWmdjZ3KbaU,0,Deu,00:00:00,00:00:00,wb4,
685,QRvoteuszoo1zkAxCG,0,Deu,00:00:00,00:00:00,wb4,
686,QRvoteozqJtwavEp8U,0,Deu,00:00:00,00:00:00,wb4,
687,QRvoteH1t539e8ALBh,0,Deu,00:00:00,00:00:00,wb4,
688,QRvote54ciUENj75S4,0,Deu,00:00:00,00:00:00,wb4,
689,QRvotepQSkEf1fYGMV,0,Deu,00:00:00,00:00:00,wb4,
690,QRvoteZwsELRxtDbHe,0,Deu,00:00:00,00:00:00,wb4,
691,QRvoteZyKfQrsh1psQ,0,Deu,00:00:00,00:00:00,wb4,
692,QRvoteOVpO2BBA7cBA,0,Deu,00:00:00,00:00:00,wb4,
693,QRvoteFzS7lDaOiDnn,0,Deu,00:00:00,00:00:00,wb4,
694,QRvotezkQYAfTUkKEb,0,Deu,00:00:00,00:00:00,wb4,
695,QRvoteyzobdLZfrk2y,0,Deu,00:00:00,00:00:00,wb4,
696,QRvotePtABp3zu5eX1,0,Deu,00:00:00,00:00:00,wb4,
697,QRvoteaE9EIymukIJY,0,Deu,00:00:00,00:00:00,wb4,
698,QRvotey8KAROo1c4Fc,0,Deu,00:00:00,00:00:00,wb4,
699,QRvoteznQI9ZKAx4xA,0,Deu,00:00:00,00:00:00,wb4,
700,QRvoted0mf6z8GLJrq,0,Deu,00:00:00,00:00:00,wb4,
701,QRvoteHQlZrYCz4VXD,0,Deu,00:00:00,00:00:00,wb4,
702,QRvoteloEsNzp9sG5z,0,Deu,00:00:00,00:00:00,wb4,
703,QRvote9W5zlu62TsZs,0,Deu,00:00:00,00:00:00,wb4,
704,QRvoteSoaxfPTfEPxz,0,Deu,00:00:00,00:00:00,wb4,
705,QRvotezoYIyjWA9krV,0,Deu,00:00:00,00:00:00,wb4,
706,QRvotes01usiP4N5p2,0,Deu,00:00:00,00:00:00,wb4,
707,QRvotews8VKQchxyzg,0,Deu,00:00:00,00:00:00,wb4,
708,QRvoteKz0wxTv75Ise,0,Deu,00:00:00,00:00:00,wb4,
709,QRvotesyhJWnqI2n0d,0,Deu,00:00:00,00:00:00,wb4,
710,QRvoteqLs6gdfHT7kX,0,Deu,00:00:00,00:00:00,wb4,
711,QRvote8REyi4fKi4PI,0,Deu,00:00:00,00:00:00,wb4,
712,QRvote9xrsNFaOmfsc,0,Deu,00:00:00,00:00:00,wb4,
713,QRvoteKaoW11qpsSlw,0,Deu,00:00:00,00:00:00,wb4,
714,QRvotekhJnsJelWPDg,0,Deu,00:00:00,00:00:00,wb4,
715,QRvote9zv33yni3ydT,0,Deu,00:00:00,00:00:00,wb4,
716,QRvoteXSB50PSwRezK,0,Deu,00:00:00,00:00:00,wb4,
717,QRvotegWeX7HNmkrVe,0,Deu,00:00:00,00:00:00,wb4,
718,QRvotednqpFAdxSdiT,0,Deu,00:00:00,00:00:00,wb4,
719,QRvoteSzHZzqGXPzkO,0,Deu,00:00:00,00:00:00,wb4,
720,QRvoten3XrAVri98m6,0,Deu,00:00:00,00:00:00,wb4,
721,QRvotewnreliW055hz,0,Deu,00:00:00,00:00:00,wb4,
722,QRvote9CQxVc6zryZz,0,Deu,00:00:00,00:00:00,wb4,
723,QRvote2G8p7foxK9UG,0,Deu,00:00:00,00:00:00,wb4,
724,QRvoteGQGVetNSsDRd,0,Deu,00:00:00,00:00:00,wb4,
725,QRvotez8af8OYau280,0,Deu,00:00:00,00:00:00,wb4,
726,QRvoteQiIprtldcmu6,0,Deu,00:00:00,00:00:00,wb4,
727,QRvotevzuIzzw4MYhv,0,Deu,00:00:00,00:00:00,wb4,
728,QRvotejf9GEQy7zQCw,0,Deu,00:00:00,00:00:00,wb4,
729,QRvoteqzi5sH8dYscs,0,Deu,00:00:00,00:00:00,wb4,
730,QRvoteY01XwRnhgUDz,0,Deu,00:00:00,00:00:00,wb4,
731,QRvoteWscKXI8Yzc9X,0,Deu,00:00:00,00:00:00,wb4,
732,QRvotevAAz2MQvaQ3r,0,Deu,00:00:00,00:00:00,wb4,
733,QRvotelzczlopjcuA7,0,Deu,00:00:00,00:00:00,wb4,
734,QRvoteWFugj2DMU5PS,0,Deu,00:00:00,00:00:00,wb4,
735,QRvoteE15zzeNrN0b7,0,Deu,00:00:00,00:00:00,wb4,
736,QRvoteCpF7WQx5d4r2,0,Deu,00:00:00,00:00:00,wb4,
737,QRvoter5Y3teirS9xn,0,Deu,00:00:00,00:00:00,wb4,
738,QRvoteE8kOnGOGzAzh,0,Deu,00:00:00,00:00:00,wb4,
739,QRvotePxMs6SrmeH02,0,Deu,00:00:00,00:00:00,wb4,
740,QRvotelY1mcIjXGPvw,0,Deu,00:00:00,00:00:00,wb4,
741,QRvoteW3x3mzXJT9ft,0,Deu,00:00:00,00:00:00,wb4,
742,QRvote0WCtYEHHz2eY,0,Deu,00:00:00,00:00:00,wb4,
743,QRvotev9DeXF3YQwjw,0,Deu,00:00:00,00:00:00,wb4,
744,QRvoteU11fCi8811oW,0,Deu,00:00:00,00:00:00,wb4,
745,QRvotekcUnInG2aJta,0,Deu,00:00:00,00:00:00,wb4,
746,QRvoteROkABU4x9GUL,0,Deu,00:00:00,00:00:00,wb4,
747,QRvotew8LIud9sjv9P,0,Deu,00:00:00,00:00:00,wb4,
748,QRvote7wertrVNfmOu,0,Deu,00:00:00,00:00:00,wb4,
749,QRvoteeHbOIb8Qw3Ry,0,Deu,00:00:00,00:00:00,wb4,
750,QRvoteSxgH2XyZKZGX,0,Deu,00:00:00,00:00:00,wb4,
751,QRvoteiYB822iE8Abr,0,Deu,00:00:00,00:00:00,wb4,
752,QRvoteAivm05CNaIA2,0,Deu,00:00:00,00:00:00,wb4,
753,QRvoteAwbwBkZKZDos,0,Deu,00:00:00,00:00:00,wb4,
754,QRvote6CnaxckOIlI4,0,Deu,00:00:00,00:00:00,wb4,
755,QRvote8GzKP7bK76g6,0,Deu,00:00:00,00:00:00,wb4,
756,QRvoten68NdHuyjreb,0,Deu,00:00:00,00:00:00,wb4,
757,QRvoteClBowI7NOgUQ,0,Deu,00:00:00,00:00:00,wb4,
758,QRvote62qjAPb5mPzY,0,Deu,00:00:00,00:00:00,wb4,
759,QRvoteOUIXktRGIoYB,0,Deu,00:00:00,00:00:00,wb4,
760,QRvoteyzXvc7e2Rw3T,0,Deu,00:00:00,00:00:00,wb4,
761,QRvoteh9JRqOnAqzCs,0,Pil,00:00:00,00:00:00,wb5,
762,QRvotenT6Uecgi22px,0,Pil,00:00:00,00:00:00,wb5,
763,QRvotelWBzQIHNMhmE,0,Pil,00:00:00,00:00:00,wb5,
764,QRvotetw03LO98zoUW,0,Pil,00:00:00,00:00:00,wb5,
765,QRvotevDE8zW34JIH5,0,Pil,00:00:00,00:00:00,wb5,
766,QRvotecJnSZYPa0uWR,0,Pil,00:00:00,00:00:00,wb5,
767,QRvoten9ittZSNrMOl,0,Pil,00:00:00,00:00:00,wb5,
768,QRvotelzG4qsP4SAqg,0,Pil,00:00:00,00:00:00,wb5,
769,QRvotetd1uvzifLDFb,0,Pil,00:00:00,00:00:00,wb5,
770,QRvotequWzL4q4rUlU,0,Pil,00:00:00,00:00:00,wb5,
771,QRvoteKAOalo6jamDE,0,Pil,00:00:00,00:00:00,wb5,
772,QRvotezTvYB4zFzLW0,0,Pil,00:00:00,00:00:00,wb5,
773,QRvoteUV8wcIZk2tus,0,Pil,00:00:00,00:00:00,wb5,
774,QRvote7wBNTMyhhGDv,0,Pil,00:00:00,00:00:00,wb5,
775,QRvotemluEuA99Pym5,0,Pil,00:00:00,00:00:00,wb5,
776,QRvoteJyzrtkxmyJwz,0,Pil,00:00:00,00:00:00,wb5,
777,QRvotea3ePoa3lycHj,0,Pil,00:00:00,00:00:00,wb5,
778,QRvotefGozuiQNQemT,0,Pil,00:00:00,00:00:00,wb5,
779,QRvotebxczVkZJlzWi,0,Pil,00:00:00,00:00:00,wb5,
780,QRvotelCFuhcVCb7CY,0,Pil,00:00:00,00:00:00,wb5,
781,QRvotezieJi5fPGQ56,0,Pil,00:00:00,00:00:00,wb5,
782,QRvotecEVkpmnCSL3H,0,Pil,00:00:00,00:00:00,wb5,
783,QRvotevUaXv9h57VL8,0,Pil,00:00:00,00:00:00,wb5,
784,QRvoteyNfEOEDWyglZ,0,Pil,00:00:00,00:00:00,wb5,
785,QRvotewsKcjYuXDy1Z,0,Pil,00:00:00,00:00:00,wb5,
786,QRvotej3A1Zdc0qbW6,0,Pil,00:00:00,00:00:00,wb5,
787,QRvoteXQHyL806opF5,0,Pil,00:00:00,00:00:00,wb5,
788,QRvotefwrxRpqbPn1E,0,Pil,00:00:00,00:00:00,wb5,
789,QRvoteiULVTTHRl23T,0,Pil,00:00:00,00:00:00,wb5,
790,QRvote0OxjO6CiFeIq,0,Pil,00:00:00,00:00:00,wb5,
791,QRvotefglxYPfgWVfz,0,Pil,00:00:00,00:00:00,wb5,
792,QRvotehdrQwOzkROoc,0,Pil,00:00:00,00:00:00,wb5,
793,QRvoteBU0uSQ4biul6,0,Pil,00:00:00,00:00:00,wb5,
794,QRvotePHYBq5B1r5T6,0,Pil,00:00:00,00:00:00,wb5,
795,QRvoteSOVYMvCkAxJt,0,Pil,00:00:00,00:00:00,wb5,
796,QRvote3lJaHJfETvDR,0,Pil,00:00:00,00:00:00,wb5,
797,QRvotehQyzYcKsdBNx,0,Pil,00:00:00,00:00:00,wb5,
798,QRvoteKI7nzbuzMBql,0,Pil,00:00:00,00:00:00,wb5,
799,QRvotelJ26B4DOXHgB,0,Pil,00:00:00,00:00:00,wb5,
800,QRvotewPECKIhsLCsd,0,Pil,00:00:00,00:00:00,wb5,
801,QRvoteuN9DX8LD4DDt,0,Pil,00:00:00,00:00:00,wb5,
802,QRvoteeuQJUKKG5W96,0,Pil,00:00:00,00:00:00,wb5,
803,QRvoteNAHWUboq38sN,0,Pil,00:00:00,00:00:00,wb5,
804,QRvoteCZ6CTcXbJyxX,0,Pil,00:00:00,00:00:00,wb5,
805,QRvoteSO9OxCvVRKhu,0,Pil,00:00:00,00:00:00,wb5,
806,QRvoteoe43QQDlQmPV,0,Pil,00:00:00,00:00:00,wb5,
807,QRvoteHXzyOIqKZhvw,0,Pil,00:00:00,00:00:00,wb5,
808,QRvoteaiygYKhGFqKG,0,Pil,00:00:00,00:00:00,wb5,
809,QRvoteJJkS9RipPlen,0,Pil,00:00:00,00:00:00,wb5,
810,QRvoteNxvVbGec5cYA,0,Pil,00:00:00,00:00:00,wb5,
811,QRvoteG91WZUGml5Ay,0,Pil,00:00:00,00:00:00,wb5,
812,QRvoteyybcbvoS4CXH,0,Pil,00:00:00,00:00:00,wb5,
813,QRvoteDqBihzRbTnuk,0,Pil,00:00:00,00:00:00,wb5,
814,QRvotedGMz1REyTEjX,0,Pil,00:00:00,00:00:00,wb5,
815,QRvoteDQVNfGoFFMea,0,Pil,00:00:00,00:00:00,wb5,
816,QRvoteloM4DnB4779l,0,Pil,00:00:00,00:00:00,wb5,
817,QRvoteLTlz7ea7GKmo,0,Pil,00:00:00,00:00:00,wb5,
818,QRvote6LbLfBEgVbwn,0,Pil,00:00:00,00:00:00,wb5,
819,QRvoteXKAvpF55Su7N,0,Pil,00:00:00,00:00:00,wb5,
820,QRvoteV014k5p3KK7Z,0,Pil,00:00:00,00:00:00,wb5,
821,QRvote4pC1vIZKeNfB,0,Pil,00:00:00,00:00:00,wb5,
822,QRvotey3EYobFUGBOY,0,Pil,00:00:00,00:00:00,wb5,
823,QRvotew5NVHZxofJFN,0,Pil,00:00:00,00:00:00,wb5,
824,QRvoteGz9Dm58FCY90,0,Pil,00:00:00,00:00:00,wb5,
825,QRvotetf0xVZGdBZEW,0,Pil,00:00:00,00:00:00,wb5,
826,QRvotef9UhTWnz4ady,0,Pil,00:00:00,00:00:00,wb5,
827,QRvoteG5PQfd6WOp4g,0,Pil,00:00:00,00:00:00,wb5,
828,QRvote2zUSnD5yT7Aa,0,Pil,00:00:00,00:00:00,wb5,
829,QRvotey4jhHD9n3Fzt,0,Pil,00:00:00,00:00:00,wb5,
830,QRvote6IkPev1VxrDr,0,Pil,00:00:00,00:00:00,wb5,
831,QRvotevqgYlNzDoIk2,0,Deu,00:00:00,00:00:00,wb5,
832,QRvotex6A3IYGzW5Vg,0,Deu,00:00:00,00:00:00,wb5,
833,QRvote6twcrcEZHz3W,0,Deu,00:00:00,00:00:00,wb5,
834,QRvotej7zCBuoTjqnQ,0,Deu,00:00:00,00:00:00,wb5,
835,QRvoteJ9DNZztkzl1J,0,Deu,00:00:00,00:00:00,wb5,
836,QRvotefMG9KsVB9jcT,0,Deu,00:00:00,00:00:00,wb5,
837,QRvoteX8dNlNgJYLLs,0,Deu,00:00:00,00:00:00,wb5,
838,QRvotezRjq8Y5XE41s,0,Deu,00:00:00,00:00:00,wb5,
839,QRvoteUVp6prZkp0oG,0,Deu,00:00:00,00:00:00,wb5,
840,QRvote5xYyxOoPDUma,0,Deu,00:00:00,00:00:00,wb5,
841,QRvotegQrTZ0C5tmJf,0,Deu,00:00:00,00:00:00,wb5,
842,QRvotenEzCn5nHnAii,0,Deu,00:00:00,00:00:00,wb5,
843,QRvoteiMW4eP7D2VJv,0,Deu,00:00:00,00:00:00,wb5,
844,QRvotekD59dmdGA0Bw,0,Deu,00:00:00,00:00:00,wb5,
845,QRvoteULeNwUuYIgNz,0,Deu,00:00:00,00:00:00,wb5,
846,QRvotezU9mn8zGNKzG,0,Deu,00:00:00,00:00:00,wb5,
847,QRvoteJu7wVJOJM544,0,Deu,00:00:00,00:00:00,wb5,
848,QRvoteosScF4K4tdKN,0,Deu,00:00:00,00:00:00,wb5,
849,QRvoteLsqzShRbhinU,0,Deu,00:00:00,00:00:00,wb5,
850,QRvote4jpDjSdMuNxK,0,Deu,00:00:00,00:00:00,wb5,
851,QRvotele1aJ7R9mI8l,0,Deu,00:00:00,00:00:00,wb5,
852,QRvote5WM1BVpVbGE2,0,Deu,00:00:00,00:00:00,wb5,
853,QRvotePjl6UwoRKEsO,0,Deu,00:00:00,00:00:00,wb5,
854,QRvotevT04XltLAIHU,0,Deu,00:00:00,00:00:00,wb5,
855,QRvotehgW5c4SkOe0m,0,Deu,00:00:00,00:00:00,wb5,
856,QRvotedHIO8dz61LS4,0,Deu,00:00:00,00:00:00,wb5,
857,QRvoteK8PMWmpwRGxs,0,Deu,00:00:00,00:00:00,wb5,
858,QRvoteGp474mBS1QNU,0,Deu,00:00:00,00:00:00,wb5,
859,QRvotep96Rz46dGLYb,0,Deu,00:00:00,00:00:00,wb5,
860,QRvoteFlNG9rzTT8eh,0,Deu,00:00:00,00:00:00,wb5,
861,QRvoteY3zKpIITtIwc,0,Deu,00:00:00,00:00:00,wb5,
862,QRvotedMMEgCS4NK4k,0,Deu,00:00:00,00:00:00,wb5,
863,QRvotemPCSiINBhoO6,0,Deu,00:00:00,00:00:00,wb5,
864,QRvotexFgnGQXNjlZk,0,Deu,00:00:00,00:00:00,wb5,
865,QRvoteb9BSl0Czrlzc,0,Deu,00:00:00,00:00:00,wb5,
866,QRvoteaYRLxPgi1LU9,0,Deu,00:00:00,00:00:00,wb5,
867,QRvoteSDrzpA6a108s,0,Deu,00:00:00,00:00:00,wb5,
868,QRvoteApTtZnizXcUu,0,Deu,00:00:00,00:00:00,wb5,
869,QRvotekyyyDXYPjxI6,0,Deu,00:00:00,00:00:00,wb5,
870,QRvoteSrzPq94uhUuI,0,Deu,00:00:00,00:00:00,wb5,
871,QRvotef5ZUHsB66Flq,0,Deu,00:00:00,00:00:00,wb5,
872,QRvote5SyWFl5UcgHG,0,Deu,00:00:00,00:00:00,wb5,
873,QRvotenp5vadzgLP9W,0,Deu,00:00:00,00:00:00,wb5,
874,QRvoteOhCJzhfnhAsb,0,Deu,00:00:00,00:00:00,wb5,
875,QRvoteJtCkE5zl4xos,0,Deu,00:00:00,00:00:00,wb5,
876,QRvoteXOnVNnS4mfI9,0,Deu,00:00:00,00:00:00,wb5,
877,QRvoteJGTz2gloTtpB,0,Deu,00:00:00,00:00:00,wb5,
878,QRvotebGC9F8kitnZm,0,Deu,00:00:00,00:00:00,wb5,
879,QRvoteHWknu9EhFOEz,0,Deu,00:00:00,00:00:00,wb5,
880,QRvoterAOzzXUIuVpI,0,Deu,00:00:00,00:00:00,wb5,
881,QRvotenBO0er1YajYj,0,Deu,00:00:00,00:00:00,wb5,
882,QRvoteGMEFHwLdP7S6,0,Deu,00:00:00,00:00:00,wb5,
883,QRvoteQ5elEu0gNzcB,0,Deu,00:00:00,00:00:00,wb5,
884,QRvote6vcDb2nJ00pr,0,Deu,00:00:00,00:00:00,wb5,
885,QRvotejyb1xWPDaM1I,0,Deu,00:00:00,00:00:00,wb5,
886,QRvoteYct9fCnYTe7X,0,Deu,00:00:00,00:00:00,wb5,
887,QRvoteNkaSbihvM0k1,0,Deu,00:00:00,00:00:00,wb5,
888,QRvoteH0sDkT38G5Lw,0,Deu,00:00:00,00:00:00,wb5,
889,QRvoterGPAVzzA1KSj,0,Deu,00:00:00,00:00:00,wb5,
890,QRvoteHYK3LrHHL6vb,0,Deu,00:00:00,00:00:00,wb5,
891,QRvoteueLsg4ZuWqvB,0,Deu,00:00:00,00:00:00,wb5,
892,QRvote4lzzzLL3mGOL,0,Deu,00:00:00,00:00:00,wb5,
893,QRvoteBpBdtCHaz2xS,0,Deu,00:00:00,00:00:00,wb5,
894,QRvoteNRNbJv1uGega,0,Deu,00:00:00,00:00:00,wb5,
895,QRvote0zc0f0oi8ppF,0,Deu,00:00:00,00:00:00,wb5,
896,QRvotebjt0DaziuBSr,0,Deu,00:00:00,00:00:00,wb5,
897,QRvoteeEDiVHR3A4ZH,0,Deu,00:00:00,00:00:00,wb5,
898,QRvotenlQuQ622CPAX,0,Deu,00:00:00,00:00:00,wb5,
899,QRvotewC05yuANwP6G,0,Deu,00:00:00,00:00:00,wb5,
900,QRvotezxfav5pLvf44,0,Deu,00:00:00,00:00:00,wb5,
901,QRvote9baYKuQwyqyf,0,Deu,00:00:00,00:00:00,wb5,
902,QRvotenKn8qz2mH3YJ,0,Deu,00:00:00,00:00:00,wb5,
903,QRvotenNsM3NnYZaEz,0,Deu,00:00:00,00:00:00,wb5,
904,QRvote5E4BWMnxIVTV,0,Deu,00:00:00,00:00:00,wb5,
905,QRvotec1TFEKs7aq5q,0,Deu,00:00:00,00:00:00,wb5,
906,QRvoteWYhaPFkvhiRO,0,Deu,00:00:00,00:00:00,wb5,
907,QRvotesS3xkkPsunua,0,Deu,00:00:00,00:00:00,wb5,
908,QRvoteJl4wMOrWBFEP,0,Deu,00:00:00,00:00:00,wb5,
909,QRvoteszaH7u3FrrmZ,0,Deu,00:00:00,00:00:00,wb5,
910,QRvoteRyuwmQzjicrs,0,Deu,00:00:00,00:00:00,wb5,
911,QRvote8PLYsb8Se4rI,0,Deu,00:00:00,00:00:00,wb5,
912,QRvotezcCYX5Lh23y5,0,Deu,00:00:00,00:00:00,wb5,
913,QRvoteDdUuXS2tfN49,0,Deu,00:00:00,00:00:00,wb5,
914,QRvoteel8Sz2Uyo8Vs,0,Deu,00:00:00,00:00:00,wb5,
915,QRvotei8RUs3SzPe6q,0,Deu,00:00:00,00:00:00,wb5,
916,QRvoteJoAPqx0U8YX1,0,Deu,00:00:00,00:00:00,wb5,
917,QRvoteAtXANzuYZRP5,0,Deu,00:00:00,00:00:00,wb5,
918,QRvoteIz6gbzcDTrCO,0,Deu,00:00:00,00:00:00,wb5,
919,QRvoted8vRY5KemvnQ,0,Deu,00:00:00,00:00:00,wb5,
920,QRvotegRzgq8fQLrzC,0,Deu,00:00:00,00:00:00,wb5,
921,QRvoteEPNaML3pXkW6,0,Deu,00:00:00,00:00:00,wb5,
922,QRvoteiwdJKtGIIpVW,0,Deu,00:00:00,00:00:00,wb5,
923,QRvote1HTbBHX1nkwV,0,Deu,00:00:00,00:00:00,wb5,
924,QRvotewHCVfgsqvPC7,0,Deu,00:00:00,00:00:00,wb5,
925,QRvotexFAbzCj5SZSE,0,Deu,00:00:00,00:00:00,wb5,
926,QRvoteGholr8fV9Rs0,0,Deu,00:00:00,00:00:00,wb5,
927,QRvoteURHzVtOZw1pd,0,Deu,00:00:00,00:00:00,wb5,
928,QRvoteaka9oPUqatzI,0,Deu,00:00:00,00:00:00,wb5,
929,QRvotev9IWmN62s0vE,0,Deu,00:00:00,00:00:00,wb5,
930,QRvoteADYLsHNoxBsi,0,Deu,00:00:00,00:00:00,wb5,
931,QRvoteBo9mZH0NSYjz,0,Deu,00:00:00,00:00:00,wb5,
932,QRvoteRullY5h7aZcz,0,Deu,00:00:00,00:00:00,wb5,
933,QRvoteVnazLN5DouBb,0,Deu,00:00:00,00:00:00,wb5,
934,QRvoteuKdkQvE8R3bS,0,Deu,00:00:00,00:00:00,wb5,
935,QRvoteuvnrfnvrficc,0,Deu,00:00:00,00:00:00,wb5,
936,QRvotethlJRWeUmKi6,0,Deu,00:00:00,00:00:00,wb5,
937,QRvoteC6vROMfLrpvU,0,Deu,00:00:00,00:00:00,wb5,
938,QRvotec82XajpqIDhl,0,Deu,00:00:00,00:00:00,wb5,
939,QRvoteFLAKg1jmvpr5,0,Deu,00:00:00,00:00:00,wb5,
940,QRvote2JYGerpuDGJK,0,Deu,00:00:00,00:00:00,wb5,
941,QRvoteGWKaveAbiDeR,0,Deu,00:00:00,00:00:00,wb5,
942,QRvote7yG37qIOzszc,0,Deu,00:00:00,00:00:00,wb5,
943,QRvoteEYBBOoypQMjs,0,Deu,00:00:00,00:00:00,wb5,
944,QRvotebAN1nNSKKzSj,0,Deu,00:00:00,00:00:00,wb5,
945,QRvote6oH2HnnHnohF,0,Deu,00:00:00,00:00:00,wb5,
946,QRvotexiltLGdMK8i9,0,Deu,00:00:00,00:00:00,wb5,
947,QRvoteN7we1YIcfwz8,0,Deu,00:00:00,00:00:00,wb5,
948,QRvotex25HP04tlBz8,0,Deu,00:00:00,00:00:00,wb5,
949,QRvoteFxa0i21o7opR,0,Deu,00:00:00,00:00:00,wb5,
950,QRvoteY4TzUgGQ4btE,0,Deu,00:00:00,00:00:00,wb5,
951,QRvoteLK1Klq6egkrp,0,Pil,00:00:00,00:00:00,wb6,
952,QRvote9T8mXhTAGmYP,0,Pil,00:00:00,00:00:00,wb6,
953,QRvoteKzsHKqUJNkmL,0,Pil,00:00:00,00:00:00,wb6,
954,QRvote5MC3mCDJObZv,0,Pil,00:00:00,00:00:00,wb6,
955,QRvoteMb7HRYzLLoaI,0,Pil,00:00:00,00:00:00,wb6,
956,QRvotegyOaRP7QbbTs,0,Pil,00:00:00,00:00:00,wb6,
957,QRvotedGYNlesLfYXT,0,Pil,00:00:00,00:00:00,wb6,
958,QRvote0ce9OhnXKq63,0,Pil,00:00:00,00:00:00,wb6,
959,QRvoteFcLj3REY0LTv,0,Pil,00:00:00,00:00:00,wb6,
960,QRvotez8fIJ559FjBc,0,Pil,00:00:00,00:00:00,wb6,
961,QRvote1JXheOYzRtM3,0,Pil,00:00:00,00:00:00,wb6,
962,QRvote0zg7RTvvwYDf,0,Pil,00:00:00,00:00:00,wb6,
963,QRvoteJdQA5uzQLU61,0,Pil,00:00:00,00:00:00,wb6,
964,QRvotebJUVcSzILVKn,0,Pil,00:00:00,00:00:00,wb6,
965,QRvoteYmH1MYoPgF9D,0,Pil,00:00:00,00:00:00,wb6,
966,QRvotefmKRfzzdAG3n,0,Pil,00:00:00,00:00:00,wb6,
967,QRvotehJxh6ImbvXHW,0,Pil,00:00:00,00:00:00,wb6,
968,QRvoteSvxDHZ03uqaF,0,Pil,00:00:00,00:00:00,wb6,
969,QRvoteNwXYPjOWKq85,0,Pil,00:00:00,00:00:00,wb6,
970,QRvote7wV42EIkbs27,0,Pil,00:00:00,00:00:00,wb6,
971,QRvotea5awxtCm97fc,0,Pil,00:00:00,00:00:00,wb6,
972,QRvoteHz4RaTlKYaYV,0,Pil,00:00:00,00:00:00,wb6,
973,QRvoterKc9khL7LVu0,0,Pil,00:00:00,00:00:00,wb6,
974,QRvoteGiNdBfEzYtwh,0,Pil,00:00:00,00:00:00,wb6,
975,QRvote1Yes3Tmw5z5X,0,Pil,00:00:00,00:00:00,wb6,
976,QRvotef8aSCLU2TsNN,0,Pil,00:00:00,00:00:00,wb6,
977,QRvotezu4NiChjx6ER,0,Pil,00:00:00,00:00:00,wb6,
978,QRvoteujAHSc6lAOMU,0,Pil,00:00:00,00:00:00,wb6,
979,QRvoteVSTrztWWTLSv,0,Pil,00:00:00,00:00:00,wb6,
980,QRvote6F0PqPvuSVN5,0,Pil,00:00:00,00:00:00,wb6,
981,QRvotecudS2bayFTUZ,0,Pil,00:00:00,00:00:00,wb6,
982,QRvoteLBoom0oBjB3L,0,Pil,00:00:00,00:00:00,wb6,
983,QRvotewlStNzIqf6JY,0,Pil,00:00:00,00:00:00,wb6,
984,QRvoteZnYMuTaDs8Ze,0,Pil,00:00:00,00:00:00,wb6,
985,QRvote7Cz3PrE3DtgU,0,Pil,00:00:00,00:00:00,wb6,
986,QRvote4WnDUvJ2ElW7,0,Pil,00:00:00,00:00:00,wb6,
987,QRvotepBANxpvQMDmY,0,Pil,00:00:00,00:00:00,wb6,
988,QRvotel58A50dFh6OX,0,Pil,00:00:00,00:00:00,wb6,
989,QRvotevKk9HEHNHuey,0,Pil,00:00:00,00:00:00,wb6,
990,QRvoteYBGil6DGLNvy,0,Pil,00:00:00,00:00:00,wb6,
991,QRvoteRCVSV3rd3vM7,0,Pil,00:00:00,00:00:00,wb6,
992,QRvotesPfQWaDBVOb4,0,Pil,00:00:00,00:00:00,wb6,
993,QRvoteKqwSmq9BUCO4,0,Pil,00:00:00,00:00:00,wb6,
994,QRvotegTd6ztZiDwxc,0,Pil,00:00:00,00:00:00,wb6,
995,QRvotekwperxNSzpT8,0,Pil,00:00:00,00:00:00,wb6,
996,QRvoterTOzDEZaZfZF,0,Pil,00:00:00,00:00:00,wb6,
997,QRvotezAvWyUDzWosk,0,Pil,00:00:00,00:00:00,wb6,
998,QRvoteizORTvpmLKzJ,0,Pil,00:00:00,00:00:00,wb6,
999,QRvotezL5fH2mE0nvf,0,Pil,00:00:00,00:00:00,wb6,
1000,QRvotezmY335mwjDIX,0,Pil,00:00:00,00:00:00,wb6,
1001,QRvote4BX4HTCb4lnH,0,Pil,00:00:00,00:00:00,wb6,
1002,QRvoteX2quzYcDmmOv,0,Pil,00:00:00,00:00:00,wb6,
1003,QRvote4bc9cEF2foQp,0,Pil,00:00:00,00:00:00,wb6,
1004,QRvote07nBSycU89PA,0,Pil,00:00:00,00:00:00,wb6,
1005,QRvote1kapBtLMezeX,0,Pil,00:00:00,00:00:00,wb6,
1006,QRvoteQNeHTrmI92vd,0,Pil,00:00:00,00:00:00,wb6,
1007,QRvote4xgFK4DrHT3L,0,Pil,00:00:00,00:00:00,wb6,
1008,QRvoteLhHCjfLEExZK,0,Pil,00:00:00,00:00:00,wb6,
1009,QRvotedccCBjxY3LWF,0,Pil,00:00:00,00:00:00,wb6,
1010,QRvoteQ0AzvoZkcQoJ,0,Pil,00:00:00,00:00:00,wb6,
1011,QRvote4Ej1HiPZVEva,0,Pil,00:00:00,00:00:00,wb6,
1012,QRvote0169PhYzzzzI,0,Pil,00:00:00,00:00:00,wb6,
1013,QRvoteYdpzBNojRsvp,0,Pil,00:00:00,00:00:00,wb6,
1014,QRvoteiIYLPLxkG6JT,0,Pil,00:00:00,00:00:00,wb6,
1015,QRvotexduH69gaFBpF,0,Pil,00:00:00,00:00:00,wb6,
1016,QRvoteRy72zXRy1oBU,0,Pil,00:00:00,00:00:00,wb6,
1017,QRvoten45MMd4rY0om,0,Pil,00:00:00,00:00:00,wb6,
1018,QRvoteGdjYqgYGPkjO,0,Pil,00:00:00,00:00:00,wb6,
1019,QRvoteqPWeS2CSxXZA,0,Pil,00:00:00,00:00:00,wb6,
1020,QRvotefyLK1xuQwqZ0,0,Pil,00:00:00,00:00:00,wb6,
1021,QRvoteqKBkwEKkV3vx,0,Deu,00:00:00,00:00:00,wb6,
1022,QRvote56rkjkpshguV,0,Deu,00:00:00,00:00:00,wb6,
1023,QRvote6b9x3NLopz0z,0,Deu,00:00:00,00:00:00,wb6,
1024,QRvotekA6WawPn8Iqy,0,Deu,00:00:00,00:00:00,wb6,
1025,QRvoteTgg9B9pcisVE,0,Deu,00:00:00,00:00:00,wb6,
1026,QRvoteM3Qqiv1zYv1d,0,Deu,00:00:00,00:00:00,wb6,
1027,QRvotervbQ44Uummt7,0,Deu,00:00:00,00:00:00,wb6,
1028,QRvoteLVUhtRh9lz6A,0,Deu,00:00:00,00:00:00,wb6,
1029,QRvotegOazJBXuWabu,0,Deu,00:00:00,00:00:00,wb6,
1030,QRvoteRp0sXPgLLLrB,0,Deu,00:00:00,00:00:00,wb6,
1031,QRvoteTRvl2gwWh3AN,0,Deu,00:00:00,00:00:00,wb6,
1032,QRvoteHL5gIPgWTzne,0,Deu,00:00:00,00:00:00,wb6,
1033,QRvoteYoLpjDsANnjz,0,Deu,00:00:00,00:00:00,wb6,
1034,QRvoteXriCyXnfpm03,0,Deu,00:00:00,00:00:00,wb6,
1035,QRvoteVVTpKkz5SACf,0,Deu,00:00:00,00:00:00,wb6,
1036,QRvote570DCJM9z850,0,Deu,00:00:00,00:00:00,wb6,
1037,QRvoteTgLgyO2l58zE,0,Deu,00:00:00,00:00:00,wb6,
1038,QRvotezfeFMBxhcTRG,0,Deu,00:00:00,00:00:00,wb6,
1039,QRvoteEeNZfR5VPRwi,0,Deu,00:00:00,00:00:00,wb6,
1040,QRvoteunmCzJvXFzNg,0,Deu,00:00:00,00:00:00,wb6,
1041,QRvotetiH8gbnL1Uew,0,Deu,00:00:00,00:00:00,wb6,
1042,QRvoteTWJzz7zF9A6v,0,Deu,00:00:00,00:00:00,wb6,
1043,QRvotebzWzMqzKk14j,0,Deu,00:00:00,00:00:00,wb6,
1044,QRvotez6C0Y6RZK5vH,0,Deu,00:00:00,00:00:00,wb6,
1045,QRvotevRCRdIcL2ghN,0,Deu,00:00:00,00:00:00,wb6,
1046,QRvotei2esQW9N4eCD,0,Deu,00:00:00,00:00:00,wb6,
1047,QRvoteY8URczzd9IuY,0,Deu,00:00:00,00:00:00,wb6,
1048,QRvoteLfWeI3c2xexb,0,Deu,00:00:00,00:00:00,wb6,
1049,QRvote7ciE3uri06D2,0,Deu,00:00:00,00:00:00,wb6,
1050,QRvote1gcDty6mLITR,0,Deu,00:00:00,00:00:00,wb6,
1051,QRvoteCvQTLWebx8QB,0,Deu,00:00:00,00:00:00,wb6,
1052,QRvotepQASLEpxzUZw,0,Deu,00:00:00,00:00:00,wb6,
1053,QRvote6UuuYnml08Jy,0,Deu,00:00:00,00:00:00,wb6,
1054,QRvoteN6eCmzsuRqQe,0,Deu,00:00:00,00:00:00,wb6,
1055,QRvoteGLVYyCMb6Sqo,0,Deu,00:00:00,00:00:00,wb6,
1056,QRvoteYCAxkXMmu6Na,0,Deu,00:00:00,00:00:00,wb6,
1057,QRvotetBbp7X4RGaxd,0,Deu,00:00:00,00:00:00,wb6,
1058,QRvote3A5Py1wcypi4,0,Deu,00:00:00,00:00:00,wb6,
1059,QRvoteI2BwlOAKjxDi,0,Deu,00:00:00,00:00:00,wb6,
1060,QRvoteAHBvW1g7JRC2,0,Deu,00:00:00,00:00:00,wb6,
1061,QRvoteeI1MroJroWTm,0,Deu,00:00:00,00:00:00,wb6,
1062,QRvotevrujNpxndywY,0,Deu,00:00:00,00:00:00,wb6,
1063,QRvote3zauSjO630Hx,0,Deu,00:00:00,00:00:00,wb6,
1064,QRvoteEPBYuJBmupX6,0,Deu,00:00:00,00:00:00,wb6,
1065,QRvotejzf8A61vBHZJ,0,Deu,00:00:00,00:00:00,wb6,
1066,QRvotezmzkvRvJVk6E,0,Deu,00:00:00,00:00:00,wb6,
1067,QRvotesKbnWRSUPk9u,0,Deu,00:00:00,00:00:00,wb6,
1068,QRvoteoxLqyUz0la2y,0,Deu,00:00:00,00:00:00,wb6,
1069,QRvote4zaNFVsW2w6G,0,Deu,00:00:00,00:00:00,wb6,
1070,QRvoteFmAIlGAeTWrw,0,Deu,00:00:00,00:00:00,wb6,
1071,QRvoteUuZumyZKrMVf,0,Deu,00:00:00,00:00:00,wb6,
1072,QRvoteSaFosJkwINa7,0,Deu,00:00:00,00:00:00,wb6,
1073,QRvoteIKZSia4FLD3G,0,Deu,00:00:00,00:00:00,wb6,
1074,QRvoted1WY4HxNz1xj,0,Deu,00:00:00,00:00:00,wb6,
1075,QRvoteGy7RPan7paYn,0,Deu,00:00:00,00:00:00,wb6,
1076,QRvoteh4a6q9B6STji,0,Deu,00:00:00,00:00:00,wb6,
1077,QRvoteozyy0I5gZqir,0,Deu,00:00:00,00:00:00,wb6,
1078,QRvoteoukJV15bZP0v,0,Deu,00:00:00,00:00:00,wb6,
1079,QRvoteT2jQb4SG4V6P,0,Deu,00:00:00,00:00:00,wb6,
1080,QRvote0FWlPI8HUdp1,0,Deu,00:00:00,00:00:00,wb6,
1081,QRvoteSTyj3zuLjcfH,0,Deu,00:00:00,00:00:00,wb6,
1082,QRvoteQNxIzWRp2siF,0,Deu,00:00:00,00:00:00,wb6,
1083,QRvotez6Tzk0p6Qcdz,0,Deu,00:00:00,00:00:00,wb6,
1084,QRvotekvcxeVOTjNdV,0,Deu,00:00:00,00:00:00,wb6,
1085,QRvotejk3l5Ur6Lz6o,0,Deu,00:00:00,00:00:00,wb6,
1086,QRvotef1wUxPwY3sUT,0,Deu,00:00:00,00:00:00,wb6,
1087,QRvoteIaO33nS3a7yu,0,Deu,00:00:00,00:00:00,wb6,
1088,QRvoteZz62cLD8Wy5N,0,Deu,00:00:00,00:00:00,wb6,
1089,QRvoteoO0KvYM77mqX,0,Deu,00:00:00,00:00:00,wb6,
1090,QRvoteqmsE018tqwJo,0,Deu,00:00:00,00:00:00,wb6,
1091,QRvoteIhoqVCQLWrGA,0,Deu,00:00:00,00:00:00,wb6,
1092,QRvotecBFjuZznC2s4,0,Deu,00:00:00,00:00:00,wb6,
1093,QRvotegFPoJWTeOSUk,0,Deu,00:00:00,00:00:00,wb6,
1094,QRvote1SwsKIGNeLzX,0,Deu,00:00:00,00:00:00,wb6,
1095,QRvoteUUYtrXc7tqj9,0,Deu,00:00:00,00:00:00,wb6,
1096,QRvoteX5B7d0AcEbrC,0,Deu,00:00:00,00:00:00,wb6,
1097,QRvoteKzBgfsrwUsre,0,Deu,00:00:00,00:00:00,wb6,
1098,QRvotebneDRCi1O89t,0,Deu,00:00:00,00:00:00,wb6,
1099,QRvotezyJzgNb7ARKI,0,Deu,00:00:00,00:00:00,wb6,
1100,QRvoteMuikaU12dJhl,0,Deu,00:00:00,00:00:00,wb6,
1101,QRvoteqz1tLB4g5Yvg,0,Deu,00:00:00,00:00:00,wb6,
1102,QRvoteoXAt8K9qi9xy,0,Deu,00:00:00,00:00:00,wb6,
1103,QRvotehMujSafsNore,0,Deu,00:00:00,00:00:00,wb6,
1104,QRvoteEZNQzIHo6pCF,0,Deu,00:00:00,00:00:00,wb6,
1105,QRvoteLUaS034trvwb,0,Deu,00:00:00,00:00:00,wb6,
1106,QRvoteXAwF4RS9WXSo,0,Deu,00:00:00,00:00:00,wb6,
1107,QRvotew6YIFAuiGtbD,0,Deu,00:00:00,00:00:00,wb6,
1108,QRvoteH1JRXGFeHKdt,0,Deu,00:00:00,00:00:00,wb6,
1109,QRvote7RUczQoczqjg,0,Deu,00:00:00,00:00:00,wb6,
1110,QRvote1jOaVNTGzZgc,0,Deu,00:00:00,00:00:00,wb6,
1111,QRvotecQFddazUqED1,0,Deu,00:00:00,00:00:00,wb6,
1112,QRvote7Uzm2CLkERHR,0,Deu,00:00:00,00:00:00,wb6,
1113,QRvotez0Y0Gr1BgGNL,0,Deu,00:00:00,00:00:00,wb6,
1114,QRvote0sHHxTB4ZYER,0,Deu,00:00:00,00:00:00,wb6,
1115,QRvote0a3z2wvnoTzz,0,Deu,00:00:00,00:00:00,wb6,
1116,QRvote3ZeiQEjdY7pr,0,Deu,00:00:00,00:00:00,wb6,
1117,QRvoteEVon1OiPiH9p,0,Deu,00:00:00,00:00:00,wb6,
1118,QRvoteNyGGvrzcrZgj,0,Deu,00:00:00,00:00:00,wb6,
1119,QRvotexRQIaSY8Ovdx,0,Deu,00:00:00,00:00:00,wb6,
1120,QRvoteh0FcUshyqQqs,0,Deu,00:00:00,00:00:00,wb6,
1121,QRvotebladH1Cr78WV,0,Deu,00:00:00,00:00:00,wb6,
1122,QRvote4GqEEXFWOwue,0,Deu,00:00:00,00:00:00,wb6,
1123,QRvoteJriU4Z5P0fYY,0,Deu,00:00:00,00:00:00,wb6,
1124,QRvote7R1aFHNuhGKX,0,Deu,00:00:00,00:00:00,wb6,
1125,QRvotetBjzIHrBZUOz,0,Deu,00:00:00,00:00:00,wb6,
1126,QRvoteodGQlsNkdHLG,0,Deu,00:00:00,00:00:00,wb6,
1127,QRvotewLzmcxm2rzZD,0,Deu,00:00:00,00:00:00,wb6,
1128,QRvote5KwOUO681ev1,0,Deu,00:00:00,00:00:00,wb6,
1129,QRvotertFMNhE9zkeZ,0,Deu,00:00:00,00:00:00,wb6,
1130,QRvoteCxrLRN0Gzc0g,0,Deu,00:00:00,00:00:00,wb6,
1131,QRvoteOX8K0i2HtLwl,0,Deu,00:00:00,00:00:00,wb6,
1132,QRvoteEeqzpRrRjdCP,0,Deu,00:00:00,00:00:00,wb6,
1133,QRvote0PWbBsRsw8nM,0,Deu,00:00:00,00:00:00,wb6,
1134,QRvoteBXwnzGl71TXm,0,Deu,00:00:00,00:00:00,wb6,
1135,QRvotepKjtFQarjXVT,0,Deu,00:00:00,00:00:00,wb6,
1136,QRvoteV2Y616OD0g1f,0,Deu,00:00:00,00:00:00,wb6,
1137,QRvoteg6wKz7ggpNCA,0,Deu,00:00:00,00:00:00,wb6,
1138,QRvoteulHyhTQ7rYJ4,0,Deu,00:00:00,00:00:00,wb6,
1139,QRvotem5vww1zXXW0z,0,Deu,00:00:00,00:00:00,wb6,
1140,QRvotezCMw5JbeBdgS,0,Deu,00:00:00,00:00:00,wb6,
1141,QRvoteZ3dNavIP76SC,0,Deu,00:00:00,00:00:00,wbd,
1142,QRvoteUgjS0hyuNBhA,0,Deu,00:00:00,00:00:00,wbd,
1143,QRvotejTJKBbZNWEIJ,0,Deu,00:00:00,00:00:00,wbd,
1144,QRvote5CpHPF9zON6I,0,Deu,00:00:00,00:00:00,wbd,
1145,QRvote8B1eyQbO7zgz,0,Deu,00:00:00,00:00:00,wbd,
1146,QRvoteWx3SzJOFIUKR,0,Deu,00:00:00,00:00:00,wbd,
1147,QRvotei87l1xERr8t7,0,Deu,00:00:00,00:00:00,wbd,
1148,QRvotezzKMlmRFbEnM,0,Deu,00:00:00,00:00:00,wbd,
1149,QRvotecn5DaGAI15IV,0,Deu,00:00:00,00:00:00,wbd,
1150,QRvoteyym46VwWMdxn,0,Deu,00:00:00,00:00:00,wbd,
1151,QRvotewxCCz2vIw42C,0,Deu,00:00:00,00:00:00,wbd,
1152,QRvotem3bZGhdHBF0w,0,Deu,00:00:00,00:00:00,wbd,
1153,QRvoteMXUKsUJjTXJz,0,Deu,00:00:00,00:00:00,wbd,
1154,QRvotezCZshCRyOdsx,0,Deu,00:00:00,00:00:00,wbd,
1155,QRvotekwp34Qz9kLmr,0,Deu,00:00:00,00:00:00,wbd,
1156,QRvoteQpzHJUpKCuO1,0,Deu,00:00:00,00:00:00,wbd,
1157,QRvoteKChDDKOvQ40e,0,Deu,00:00:00,00:00:00,wbd,
1158,QRvoteD0jod72w5Z9Q,0,Deu,00:00:00,00:00:00,wbd,
1159,QRvoteMAjHDZd5Qt8J,0,Deu,00:00:00,00:00:00,wbd,
1160,QRvotehHwXkHbug1V8,0,Deu,00:00:00,00:00:00,wbd,
1161,QRvotezGa5nTVpKGYa,0,Deu,00:00:00,00:00:00,wbd,
1162,QRvoteZ4zHbcFO5BtR,0,Deu,00:00:00,00:00:00,wbd,
1163,QRvoteJvUUD5LDt5IV,0,Deu,00:00:00,00:00:00,wbd,
1164,QRvotecoMVNTlYx4NW,0,Deu,00:00:00,00:00:00,wbd,
1165,QRvote49KXJVjGjuWB,0,Deu,00:00:00,00:00:00,wbd,
1166,QRvotesPSTpnac4vm7,0,Deu,00:00:00,00:00:00,wbd,
1167,QRvotexc8ikpFdN2Wu,0,Deu,00:00:00,00:00:00,wbd,
1168,QRvoteo8KT5tbxzdFJ,0,Deu,00:00:00,00:00:00,wbd,
1169,QRvotek1zmeUBUH5Xq,0,Deu,00:00:00,00:00:00,wbd,
1170,QRvotet5eqRI5AZgw8,0,Deu,00:00:00,00:00:00,wbd,
1171,QRvoteNNBJUCUssBZD,0,Deu,00:00:00,00:00:00,wbd,
1172,QRvoteUCzHIaj9jdZq,0,Deu,00:00:00,00:00:00,wbd,
1173,QRvoteNGU68IEXA9lB,0,Deu,00:00:00,00:00:00,wbd,
1174,QRvotexEzMRJaIX3od,0,Deu,00:00:00,00:00:00,wbd,
1175,QRvotemeovf8H5jdua,0,Deu,00:00:00,00:00:00,wbd,
1176,QRvoteb4FEwzREoqz3,0,Deu,00:00:00,00:00:00,wbd,
1177,QRvotehEZ7mGqJYrve,0,Deu,00:00:00,00:00:00,wbd,
1178,QRvotezzjy0wiz6U6j,0,Deu,00:00:00,00:00:00,wbd,
1179,QRvotevUj4MqEIbL2q,0,Deu,00:00:00,00:00:00,wbd,
1180,QRvoteoWF34CpAKeFu,0,Deu,00:00:00,00:00:00,wbd,
1181,QRvoteD9BAoc4nzwk3,0,Deu,00:00:00,00:00:00,wbd,
1182,QRvote2LcGSHiGGBdC,0,Deu,00:00:00,00:00:00,wbd,
1183,QRvoteaATEO5Dttmpm,0,Deu,00:00:00,00:00:00,wbd,
1184,QRvoteRVAkiAIMZW6S,0,Deu,00:00:00,00:00:00,wbd,
1185,QRvotev2xo5WZ2bzqW,0,Deu,00:00:00,00:00:00,wbd,
1186,QRvotelmyGyhsrwIW9,0,Deu,00:00:00,00:00:00,wbd,
1187,QRvotejoO5lor8dqFO,0,Deu,00:00:00,00:00:00,wbd,
1188,QRvoter9sdzSs2Fw1O,0,Deu,00:00:00,00:00:00,wbd,
1189,QRvoteN730YPLcazga,0,Deu,00:00:00,00:00:00,wbd,
1190,QRvotelskgXANrgPGC,0,Deu,00:00:00,00:00:00,wbd,
1191,QRvotejZJqz2nWxZTA,0,Deu,00:00:00,00:00:00,wbd,
1192,QRvotemkzS7zzKtm6n,0,Deu,00:00:00,00:00:00,wbd,
1193,QRvotezanBwRnHenY7,0,Deu,00:00:00,00:00:00,wbd,
1194,QRvoteNrC2WvitGzqV,0,Deu,00:00:00,00:00:00,wbd,
1195,QRvoteCP1MY0zhyLEI,0,Deu,00:00:00,00:00:00,wbd,
1196,QRvoteJj3Zy2fairni,0,Deu,00:00:00,00:00:00,wbd,
1197,QRvoteALboiMzDEjeK,0,Deu,00:00:00,00:00:00,wbd,
1198,QRvotexAASLFiO1WVL,0,Deu,00:00:00,00:00:00,wbd,
1199,QRvotecqIZpvZAtd88,0,Deu,00:00:00,00:00:00,wbd,
1200,QRvoteGnzk8upT9JLi,0,Deu,00:00:00,00:00:00,wbd,
1201,QRvoteFaSOluCz1bq7,0,Deu,00:00:00,00:00:00,wbd,
1202,QRvote6NXycWwzgihP,0,Deu,00:00:00,00:00:00,wbd,
1203,QRvoteJKSFJops1VDC,0,Deu,00:00:00,00:00:00,wbd,
1204,QRvoteKHG7SH6QQ6Jc,0,Deu,00:00:00,00:00:00,wbd,
1205,QRvoteDOh1znhZo19Q,0,Deu,00:00:00,00:00:00,wbd,
1206,QRvotem97rC2zzOZMK,0,Deu,00:00:00,00:00:00,wbd,
1207,QRvoteDHWCk8B7WUd7,0,Deu,00:00:00,00:00:00,wbd,
1208,QRvotet0tV81LQm9O0,0,Deu,00:00:00,00:00:00,wbd,
1209,QRvotemuzjBzzvi0dr,0,Deu,00:00:00,00:00:00,wbd,
1210,QRvote2mDAjFTLF0GS,0,Deu,00:00:00,00:00:00,wbd,
1211,QRvoteM0CN9zjBeQzg,0,Deu,00:00:00,00:00:00,wbd,
1212,QRvoteesnIh2oI8dfa,0,Deu,00:00:00,00:00:00,wbd,
1213,QRvotexR7vpmUzn9bZ,0,Deu,00:00:00,00:00:00,wbd,
1214,QRvotetgTrTGzl0uSM,0,Deu,00:00:00,00:00:00,wbd,
1215,QRvoteMx0vnduBKQGT,0,Deu,00:00:00,00:00:00,wbd,
1216,QRvotebPsW28BsbKyg,0,Deu,00:00:00,00:00:00,wbd,
1217,QRvote6GUnb7O7MsSS,0,Deu,00:00:00,00:00:00,wbd,
1218,QRvotedlrdexZJCSbG,0,Deu,00:00:00,00:00:00,wbd,
1219,QRvote2ogZ22tv0Hn8,0,Deu,00:00:00,00:00:00,wbd,
1220,QRvoteZigie4SosoYE,0,Deu,00:00:00,00:00:00,wbd,
1221,QRvotea2BwtuIL0NWl,0,Deu,00:00:00,00:00:00,wbd,
1222,QRvoteScjzjKkEFeUY,0,Deu,00:00:00,00:00:00,wbd,
1223,QRvoteyusAUWFa4IcE,0,Deu,00:00:00,00:00:00,wbd,
1224,QRvoteVuraz5imUmFa,0,Deu,00:00:00,00:00:00,wbd,
1225,QRvotekXEt6h4GHp2H,0,Deu,00:00:00,00:00:00,wbd,
1226,QRvoteNGQKZCsYvTa9,0,Deu,00:00:00,00:00:00,wbd,
1227,QRvoteafvp9Don67jQ,0,Deu,00:00:00,00:00:00,wbd,
1228,QRvotepitnxxdi2GU0,0,Deu,00:00:00,00:00:00,wbd,
1229,QRvote8lPxOG3VGwNA,0,Deu,00:00:00,00:00:00,wbd,
1230,QRvote7dl4cfFyECj1,0,Deu,00:00:00,00:00:00,wbd,
1231,QRvotemb0ooS2heIGu,0,Deu,00:00:00,00:00:00,wbd,
1232,QRvoteYKhm55yujkz2,0,Deu,00:00:00,00:00:00,wbd,
1233,QRvotevji0nK2zXzZp,0,Deu,00:00:00,00:00:00,wbd,
1234,QRvotenoOkoaG1tq0z,0,Deu,00:00:00,00:00:00,wbd,
1235,QRvoteJynhcUk6fOic,0,Deu,00:00:00,00:00:00,wbd,
1236,QRvoteOHLacY4mqGnF,0,Deu,00:00:00,00:00:00,wbd,
1237,QRvoteabsizE37kwYi,0,Deu,00:00:00,00:00:00,wbd,
1238,QRvotepM8MQ3upIsnm,0,Deu,00:00:00,00:00:00,wbd,
1239,QRvote1IHr1PDk9pLi,0,Deu,00:00:00,00:00:00,wbd,
1240,QRvotenm4YGz3n6MhW,0,Deu,00:00:00,00:00:00,wbd,
1241,QRvotez3UFN3qf3tuY,0,Deu,00:00:00,00:00:00,wbd,
1242,QRvotexEviPNhKn1w3,0,Deu,00:00:00,00:00:00,wbd,
1243,QRvoteaIgwVIqw39sO,0,Deu,00:00:00,00:00:00,wbd,
1244,QRvoteEzsfAYUz8Whe,0,Deu,00:00:00,00:00:00,wbd,
1245,QRvotehyQ7gKgKoPdI,0,Deu,00:00:00,00:00:00,wbd,
1246,QRvote0VnqNSOFJyNk,0,Deu,00:00:00,00:00:00,wbd,
1247,QRvoteau85gocR4NVf,0,Deu,00:00:00,00:00:00,wbd,
1248,QRvoteiN1S22A2YduZ,0,Deu,00:00:00,00:00:00,wbd,
1249,QRvotemznqLlzYx5sg,0,Deu,00:00:00,00:00:00,wbd,
1250,QRvotenMOgoloUXrh7,0,Deu,00:00:00,00:00:00,wbd,
1251,QRvoteAzGYx9zVBFwb,0,Deu,00:00:00,00:00:00,wbd,
1252,QRvote3znEFf2rGI5d,0,Deu,00:00:00,00:00:00,wbd,
1253,QRvoterjzbvUnmj41u,0,Deu,00:00:00,00:00:00,wbd,
1254,QRvoteJy2l7SZhv6Ib,0,Deu,00:00:00,00:00:00,wbd,
1255,QRvoteCVqbdlJn4IAr,0,Deu,00:00:00,00:00:00,wbd,
1256,QRvote79vruPohfaEo,0,Deu,00:00:00,00:00:00,wbd,
1257,QRvoteVt1GBHGyyUdx,0,Deu,00:00:00,00:00:00,wbd,
1258,QRvoteQ2wJZMwCUNZT,0,Deu,00:00:00,00:00:00,wbd,
1259,QRvoteEtFXRIrrFi9r,0,Deu,00:00:00,00:00:00,wbd,
1260,QRvote847HoTuqMzmz,0,Deu,00:00:00,00:00:00,wbd,
1261,QRvote6KuKOQxn5EzR,0,Deu,00:00:00,00:00:00,wbp,
1262,QRvotedeIlEfrO56DN,0,Deu,00:00:00,00:00:00,wbp,
1263,QRvoteYNG5z39xQzr0,0,Deu,00:00:00,00:00:00,wbp,
1264,QRvote3iCgNXBjjnpU,0,Deu,00:00:00,00:00:00,wbp,
1265,QRvote9C794jzHyoBs,0,Deu,00:00:00,00:00:00,wbp,
1266,QRvotepWzaiId8zPuX,0,Deu,00:00:00,00:00:00,wbp,
1267,QRvoteeYBv95ucMc4G,0,Deu,00:00:00,00:00:00,wbp,
1268,QRvotepF7MJTnFuqh6,0,Deu,00:00:00,00:00:00,wbp,
1269,QRvoteH7YjzkrN8pTq,0,Deu,00:00:00,00:00:00,wbp,
1270,QRvote8rrkzUMJTdN7,0,Deu,00:00:00,00:00:00,wbp,
1271,QRvoteHBiXepUAR4Tg,0,Deu,00:00:00,00:00:00,wbp,
1272,QRvoteufz7YZPnJix6,0,Deu,00:00:00,00:00:00,wbp,
1273,QRvoteYzQoR0Zk2pDc,0,Deu,00:00:00,00:00:00,wbp,
1274,QRvoteHmPLHa6uawpe,0,Deu,00:00:00,00:00:00,wbp,
1275,QRvoteQcOnexWTglcz,0,Deu,00:00:00,00:00:00,wbp,
1276,QRvoteU6kTOJ7frujI,0,Deu,00:00:00,00:00:00,wbp,
1277,QRvoteFCzV3IpUAo5w,0,Deu,00:00:00,00:00:00,wbp,
1278,QRvoteCoSzmz2kLcha,0,Deu,00:00:00,00:00:00,wbp,
1279,QRvotett1Zo3wS89Yz,0,Deu,00:00:00,00:00:00,wbp,
1280,QRvoteOMHiwDwq0Fk7,0,Deu,00:00:00,00:00:00,wbp,
1281,QRvotepC2H3vzMZ83H,0,Deu,00:00:00,00:00:00,wbp,
1282,QRvote4RinBGmW6Hlz,0,Deu,00:00:00,00:00:00,wbp,
1283,QRvoteThZ2Sis3lI8O,0,Deu,00:00:00,00:00:00,wbp,
1284,QRvoteAqtJeSNPUtxo,0,Deu,00:00:00,00:00:00,wbp,
1285,QRvoteJcUlIrBgPd2U,0,Deu,00:00:00,00:00:00,wbp,
1286,QRvotetnNurBq35wEX,0,Deu,00:00:00,00:00:00,wbp,
1287,QRvoteMNqp1zAFPIzh,0,Deu,00:00:00,00:00:00,wbp,
1288,QRvoteK2qPtssbJy2g,0,Deu,00:00:00,00:00:00,wbp,
1289,QRvoteSTjvc2zQETVz,0,Deu,00:00:00,00:00:00,wbp,
1290,QRvotehImW5irW9efQ,0,Deu,00:00:00,00:00:00,wbp,
1291,QRvote2VlzlY7FLOEV,0,Deu,00:00:00,00:00:00,wbp,
1292,QRvotecY5pzX95J7hN,0,Deu,00:00:00,00:00:00,wbp,
1293,QRvoteK8jsmlJZVf4D,0,Deu,00:00:00,00:00:00,wbp,
1294,QRvote9lD7zmUN4WSk,0,Deu,00:00:00,00:00:00,wbp,
1295,QRvoteyAdzWC9zNdJP,0,Deu,00:00:00,00:00:00,wbp,
1296,QRvotelG7C1qtWfFp8,0,Deu,00:00:00,00:00:00,wbp,
1297,QRvoteFKz5NcwsQTWC,0,Deu,00:00:00,00:00:00,wbp,
1298,QRvoteJ2QRnM8UOlO3,0,Deu,00:00:00,00:00:00,wbp,
1299,QRvoteCrtC5T6tuoGN,0,Deu,00:00:00,00:00:00,wbp,
1300,QRvoteyPz7TWErPbaa,0,Deu,00:00:00,00:00:00,wbp,
1301,QRvoteEo7OtO8Lzae0,0,Deu,00:00:00,00:00:00,wbp,
1302,QRvoteCvold4vZE0Dw,0,Deu,00:00:00,00:00:00,wbp,
1303,QRvoteUKUqUZDWRKp0,0,Deu,00:00:00,00:00:00,wbp,
1304,QRvoteymZJBD2edYTA,0,Deu,00:00:00,00:00:00,wbp,
1305,QRvoteuOTf51pS1O5L,0,Deu,00:00:00,00:00:00,wbp,
1306,QRvotecH88lMprFeKP,0,Deu,00:00:00,00:00:00,wbp,
1307,QRvotenRpJJDqmCTqf,0,Deu,00:00:00,00:00:00,wbp,
1308,QRvoteCZavCocfrh1l,0,Deu,00:00:00,00:00:00,wbp,
1309,QRvote5nSzi9jBi4zi,0,Deu,00:00:00,00:00:00,wbp,
1310,QRvoteUxrhKGiDZkDW,0,Deu,00:00:00,00:00:00,wbp,
1311,QRvoteaIZuqy0jgZZF,0,Deu,00:00:00,00:00:00,wbp,
1312,QRvote2X208SQIzfjE,0,Deu,00:00:00,00:00:00,wbp,
1313,QRvotehNgNN5PCza3B,0,Deu,00:00:00,00:00:00,wbp,
1314,QRvote4RpyWt1Z1t7o,0,Deu,00:00:00,00:00:00,wbp,
1315,QRvotevWkvrSLnGsLL,0,Deu,00:00:00,00:00:00,wbp,
1316,QRvotewtGfTtAMhz0m,0,Deu,00:00:00,00:00:00,wbp,
1317,QRvotesPiKv3OhOCKH,0,Deu,00:00:00,00:00:00,wbp,
1318,QRvote9zor8hi1r3Gf,0,Deu,00:00:00,00:00:00,wbp,
1319,QRvoteggnBR01WRffz,0,Deu,00:00:00,00:00:00,wbp,
1320,QRvoteLZQUEATsyaa3,0,Deu,00:00:00,00:00:00,wbp,
1321,QRvoteNzIdJrC3wJhj,0,Deu,00:00:00,00:00:00,wbp,
1322,QRvoteINndzftY0S6k,0,Deu,00:00:00,00:00:00,wbp,
1323,QRvoteT4rGgI4Acrfz,0,Deu,00:00:00,00:00:00,wbp,
1324,QRvotecNG9FRx7UW1p,0,Deu,00:00:00,00:00:00,wbp,
1325,QRvote2LQ3O31H0bwG,0,Deu,00:00:00,00:00:00,wbp,
1326,QRvote9UP7Z9dYMIU0,0,Deu,00:00:00,00:00:00,wbp,
1327,QRvoteIFXz1gG8zruU,0,Deu,00:00:00,00:00:00,wbp,
1328,QRvoteibzEQ8t58jFD,0,Deu,00:00:00,00:00:00,wbp,
1329,QRvotemcrkMz5NxNC5,0,Deu,00:00:00,00:00:00,wbp,
1330,QRvoteCXPOy9SAyg8I,0,Deu,00:00:00,00:00:00,wbp,
1331,QRvote65g1zRfrbhKl,0,Deu,00:00:00,00:00:00,wbp,
1332,QRvotepxACcHzwLOsR,0,Deu,00:00:00,00:00:00,wbp,
1333,QRvoteYGz2LbQHrYmm,0,Deu,00:00:00,00:00:00,wbp,
1334,QRvotevj2xysVHxG6Y,0,Deu,00:00:00,00:00:00,wbp,
1335,QRvoteLD0FODbVgOVn,0,Deu,00:00:00,00:00:00,wbp,
1336,QRvote1di5dU3dyKGy,0,Deu,00:00:00,00:00:00,wbp,
1337,QRvote4Chz96qfbIJL,0,Deu,00:00:00,00:00:00,wbp,
1338,QRvoteavfYJJDTObk9,0,Deu,00:00:00,00:00:00,wbp,
1339,QRvoteSLakYgjIWKpp,0,Deu,00:00:00,00:00:00,wbp,
1340,QRvotePPyuGKpldnxS,0,Deu,00:00:00,00:00:00,wbp,
1341,QRvotexzfR4IKfPzoS,0,Deu,00:00:00,00:00:00,wbp,
1342,QRvoteIs8eTYmnPZ4B,0,Deu,00:00:00,00:00:00,wbp,
1343,QRvotefTg3D2ldvD0x,0,Deu,00:00:00,00:00:00,wbp,
1344,QRvoteReGbSNINMiPq,0,Deu,00:00:00,00:00:00,wbp,
1345,QRvoteWGWhhMWxN20i,0,Deu,00:00:00,00:00:00,wbp,
1346,QRvote148PkGZEdvwV,0,Deu,00:00:00,00:00:00,wbp,
1347,QRvotelVuIgxaLXRbO,0,Deu,00:00:00,00:00:00,wbp,
1348,QRvoteyxyCLzsfjpLM,0,Deu,00:00:00,00:00:00,wbp,
1349,QRvotejz80Akf17aBs,0,Deu,00:00:00,00:00:00,wbp,
1350,QRvotepTP4NCokqGji,0,Deu,00:00:00,00:00:00,wbp,
1351,QRvote4QXnxuowtive,0,Deu,00:00:00,00:00:00,wbp,
1352,QRvoteaHMWEZJMrQWk,0,Deu,00:00:00,00:00:00,wbp,
1353,QRvoteTTNMkwRfgycJ,0,Deu,00:00:00,00:00:00,wbp,
1354,QRvoteXzZrdow19hTa,0,Deu,00:00:00,00:00:00,wbp,
1355,QRvoteA38zz4zfWL0n,0,Deu,00:00:00,00:00:00,wbp,
1356,QRvoteIzHrEuYrZgxP,0,Deu,00:00:00,00:00:00,wbp,
1357,QRvotedBeuC2O8B4FH,0,Deu,00:00:00,00:00:00,wbp,
1358,QRvotenGzNy9k6fljE,0,Deu,00:00:00,00:00:00,wbp,
1359,QRvotei1U5XLxS629Q,0,Deu,00:00:00,00:00:00,wbp,
1360,QRvoteV7b4ThN1Fzss,0,Deu,00:00:00,00:00:00,wbp,
1361,QRvotebOz54zT94Yoe,0,Deu,00:00:00,00:00:00,wbp,
1362,QRvoteQLB4x74uwXDi,0,Deu,00:00:00,00:00:00,wbp,
1363,QRvoteSOU0WA3diGlO,0,Deu,00:00:00,00:00:00,wbp,
1364,QRvotemzFNuNI9Px8J,0,Deu,00:00:00,00:00:00,wbp,
1365,QRvote57rElAHj5zJt,0,Deu,00:00:00,00:00:00,wbp,
1366,QRvote0diDzYtKgYoM,0,Deu,00:00:00,00:00:00,wbp,
1367,QRvoteKsTFomdqWz26,0,Deu,00:00:00,00:00:00,wbp,
1368,QRvotepQsfzYwzs8p6,0,Deu,00:00:00,00:00:00,wbp,
1369,QRvoteLGSP6k1nKVwI,0,Deu,00:00:00,00:00:00,wbp,
1370,QRvotezAJ3fXYQylBb,0,Deu,00:00:00,00:00:00,wbp,
1371,QRvotefmtsiMT54YjA,0,Deu,00:00:00,00:00:00,wbp,
1372,QRvotefOzuzSzcPw4c,0,Deu,00:00:00,00:00:00,wbp,
1373,QRvoteZDuJX7rrpki9,0,Deu,00:00:00,00:00:00,wbp,
1374,QRvotenzWa5oaUD0xQ,0,Deu,00:00:00,00:00:00,wbp,
1375,QRvoteKceIhzfDTYgC,0,Deu,00:00:00,00:00:00,wbp,
1376,QRvoteNkuCmezWLKsE,0,Deu,00:00:00,00:00:00,wbp,
1377,QRvoteOchCuoA56V3o,0,Deu,00:00:00,00:00:00,wbp,
1378,QRvoteoDlNnor3vEIZ,0,Deu,00:00:00,00:00:00,wbp,
1379,QRvotezgqzJ27MdB1w,0,Deu,00:00:00,00:00:00,wbp,
1380,QRvoteWc0XeEzqPkgg,0,Deu,00:00:00,00:00:00,wbp,
1381,QRvoteJpwby7Q0XzRW,0,Pil,00:00:00,00:00:00,wbt,
1382,QRvotej3Glo1oqJz7u,0,Pil,00:00:00,00:00:00,wbt,
1383,QRvotew5NaaGeXviEe,0,Pil,00:00:00,00:00:00,wbt,
1384,QRvotenoi7mzxtzzeZ,0,Pil,00:00:00,00:00:00,wbt,
1385,QRvoteNgkk6nfB9zHM,0,Pil,00:00:00,00:00:00,wbt,
1386,QRvotetHWPlqOBxC5Y,0,Pil,00:00:00,00:00:00,wbt,
1387,QRvotef7uHvbhbOiV4,0,Pil,00:00:00,00:00:00,wbt,
1388,QRvoteddtX5NIgpBph,0,Pil,00:00:00,00:00:00,wbt,
1389,QRvoteOgK0bHLZBXMR,0,Pil,00:00:00,00:00:00,wbt,
1390,QRvoteeR5J9sxA3zLM,0,Pil,00:00:00,00:00:00,wbt,
1391,QRvote8DrehZ2arhll,0,Pil,00:00:00,00:00:00,wbt,
1392,QRvotezbBuCML22pzz,0,Pil,00:00:00,00:00:00,wbt,
1393,QRvoteCgvI5VD6hpjt,0,Pil,00:00:00,00:00:00,wbt,
1394,QRvoteJzLh3yoYnp2W,0,Pil,00:00:00,00:00:00,wbt,
1395,QRvotezFSK5zBreTZp,0,Pil,00:00:00,00:00:00,wbt,
1396,QRvoteoZ0dqp6b2NuR,0,Pil,00:00:00,00:00:00,wbt,
1397,QRvoteqIMhYKCWwVtq,0,Pil,00:00:00,00:00:00,wbt,
1398,QRvoteocLzgfNA4J2v,0,Pil,00:00:00,00:00:00,wbt,
1399,QRvotemaEJJy0cDD8S,0,Pil,00:00:00,00:00:00,wbt,
1400,QRvotePMzDlQ7N0fgl,0,Pil,00:00:00,00:00:00,wbt,
1401,QRvoteWyNKnCkd31Xz,0,Pil,00:00:00,00:00:00,wbt,
1402,QRvote5EMHGzBHSCz9,0,Pil,00:00:00,00:00:00,wbt,
1403,QRvotelKUsoxUdrECv,0,Pil,00:00:00,00:00:00,wbt,
1404,QRvoteoNQ3Sfr3SwIB,0,Pil,00:00:00,00:00:00,wbt,
1405,QRvote4Jck8jG0pNeO,0,Pil,00:00:00,00:00:00,wbt,
1406,QRvotevqBWIV5Z0HDF,0,Pil,00:00:00,00:00:00,wbt,
1407,QRvoteR1W4ntJ6usPF,0,Pil,00:00:00,00:00:00,wbt,
1408,QRvotejx0kkFxtvqTb,0,Pil,00:00:00,00:00:00,wbt,
1409,QRvote3ZpT4zvMCl0h,0,Pil,00:00:00,00:00:00,wbt,
1410,QRvoteIW2TzXELvlEN,0,Pil,00:00:00,00:00:00,wbt,
1411,QRvoteTIbNl1mZcxb1,0,Pil,00:00:00,00:00:00,wbt,
1412,QRvote7ryt2SYMJXUE,0,Pil,00:00:00,00:00:00,wbt,
1413,QRvoteDJGMkcAEGDF8,0,Pil,00:00:00,00:00:00,wbt,
1414,QRvoteNHNt5wHfKM4N,0,Pil,00:00:00,00:00:00,wbt,
1415,QRvoteVckLF2YYjMu0,0,Pil,00:00:00,00:00:00,wbt,
1416,QRvotengzzAmw9Y3Fz,0,Pil,00:00:00,00:00:00,wbt,
1417,QRvoter1ILkNFzkWe0,0,Pil,00:00:00,00:00:00,wbt,
1418,QRvoteD4azJzzJ1wzb,0,Pil,00:00:00,00:00:00,wbt,
1419,QRvotetRiXsVUMxkz0,0,Pil,00:00:00,00:00:00,wbt,
1420,QRvoteFYQ7JzLUuS1J,0,Pil,00:00:00,00:00:00,wbt,
1421,QRvote4o0HpB5FOzum,0,Pil,00:00:00,00:00:00,wbt,
1422,QRvotejDPuEn29WsMX,0,Pil,00:00:00,00:00:00,wbt,
1423,QRvoteJ57K1zouD3CK,0,Pil,00:00:00,00:00:00,wbt,
1424,QRvoted9fQdUCtHirQ,0,Pil,00:00:00,00:00:00,wbt,
1425,QRvote1yztr23ajLGv,0,Pil,00:00:00,00:00:00,wbt,
1426,QRvote1stCiqWXc2zh,0,Pil,00:00:00,00:00:00,wbt,
1427,QRvoteUkeBNuLDSCWq,0,Pil,00:00:00,00:00:00,wbt,
1428,QRvotej2gfHFTvgXCp,0,Pil,00:00:00,00:00:00,wbt,
1429,QRvotepddPauztrpJO,0,Pil,00:00:00,00:00:00,wbt,
1430,QRvoteWJtvLlFdpISX,0,Pil,00:00:00,00:00:00,wbt,
1431,QRvoteneXbzxwCtZw0,0,Pil,00:00:00,00:00:00,wbt,
1432,QRvotelgswK8ddzA4y,0,Pil,00:00:00,00:00:00,wbt,
1433,QRvotezELtRJNPCWfJ,0,Pil,00:00:00,00:00:00,wbt,
1434,QRvoteGK4Xzyx1ZoZm,0,Pil,00:00:00,00:00:00,wbt,
1435,QRvoteazIVhDg3WjUd,0,Pil,00:00:00,00:00:00,wbt,
1436,QRvote7mBLAJRie3Ve,0,Pil,00:00:00,00:00:00,wbt,
1437,QRvoteyayLZX6IGp7B,0,Pil,00:00:00,00:00:00,wbt,
1438,QRvotezPG8drlTn3px,0,Pil,00:00:00,00:00:00,wbt,
1439,QRvote23QY8o4nYt2K,0,Pil,00:00:00,00:00:00,wbt,
1440,QRvotex0kYxqOR8RPY,0,Pil,00:00:00,00:00:00,wbt,
1441,QRvoteZehnrAKhJAmU,0,Pil,00:00:00,00:00:00,wbt,
1442,QRvoteylnr7AOTfcVH,0,Pil,00:00:00,00:00:00,wbt,
1443,QRvoteHqJjIxQrE4Yp,0,Pil,00:00:00,00:00:00,wbt,
1444,QRvoteDpRozImGLp3b,0,Pil,00:00:00,00:00:00,wbt,
1445,QRvoteQDzZzp1c2uQP,0,Pil,00:00:00,00:00:00,wbt,
1446,QRvoteV0zCw3IlGXZ3,0,Pil,00:00:00,00:00:00,wbt,
1447,QRvoteU4N07QbIshcR,0,Pil,00:00:00,00:00:00,wbt,
1448,QRvoteclzzugoYnqqz,0,Pil,00:00:00,00:00:00,wbt,
1449,QRvote5zsNfkjgdk4m,0,Pil,00:00:00,00:00:00,wbt,
1450,QRvote5eO0g7DYLzoV,0,Pil,00:00:00,00:00:00,wbt,
1451,QRvoteGGy40nYXJTMD,0,Deu,00:00:00,00:00:00,wbt,
1452,QRvotecboCBWz3BAYY,0,Deu,00:00:00,00:00:00,wbt,
1453,QRvotedzfprR8AnWUy,0,Deu,00:00:00,00:00:00,wbt,
1454,QRvoteUkV04RJfDtAk,0,Deu,00:00:00,00:00:00,wbt,
1455,QRvotej75C1MuH5FQb,0,Deu,00:00:00,00:00:00,wbt,
1456,QRvoteO1oJ8tzJGXAE,0,Deu,00:00:00,00:00:00,wbt,
1457,QRvoteAok9TW6PJCir,0,Deu,00:00:00,00:00:00,wbt,
1458,QRvoteeji1pcFh2XZu,0,Deu,00:00:00,00:00:00,wbt,
1459,QRvoteGFdEXclrWt7U,0,Deu,00:00:00,00:00:00,wbt,
1460,QRvotez1oVvcH9eGbk,0,Deu,00:00:00,00:00:00,wbt,
1461,QRvotekw0UZxJsqT0u,0,Deu,00:00:00,00:00:00,wbt,
1462,QRvotekUGLl9LIqjbD,0,Deu,00:00:00,00:00:00,wbt,
1463,QRvoteLkOfWYp3BOSV,0,Deu,00:00:00,00:00:00,wbt,
1464,QRvote8aWAvr6HMpQt,0,Deu,00:00:00,00:00:00,wbt,
1465,QRvoteGj4fDJPm681r,0,Deu,00:00:00,00:00:00,wbt,
1466,QRvoteGwgt5O5YMHfB,0,Deu,00:00:00,00:00:00,wbt,
1467,QRvoteZM0vMzh0yJ93,0,Deu,00:00:00,00:00:00,wbt,
1468,QRvoteVMSffzWBdj6p,0,Deu,00:00:00,00:00:00,wbt,
1469,QRvotem3Qr5FluTece,0,Deu,00:00:00,00:00:00,wbt,
1470,QRvoteZV2MCi9AWyDq,0,Deu,00:00:00,00:00:00,wbt,
1471,QRvotei27wPmDS0vdE,0,Deu,00:00:00,00:00:00,wbt,
1472,QRvoteP5mIXzQ0V7Be,0,Deu,00:00:00,00:00:00,wbt,
1473,QRvoteleh70n7A59Eo,0,Deu,00:00:00,00:00:00,wbt,
1474,QRvotegzQQfhzl8ie9,0,Deu,00:00:00,00:00:00,wbt,
1475,QRvoteU0CZAeE7cbOU,0,Deu,00:00:00,00:00:00,wbt,
1476,QRvoteAQgJxD96MOjc,0,Deu,00:00:00,00:00:00,wbt,
1477,QRvoteqs7ud6QZgapZ,0,Deu,00:00:00,00:00:00,wbt,
1478,QRvoteBwYl5inWQ6aN,0,Deu,00:00:00,00:00:00,wbt,
1479,QRvoteud1v2dbG5rYM,0,Deu,00:00:00,00:00:00,wbt,
1480,QRvoteOixGQhjeE8Pt,0,Deu,00:00:00,00:00:00,wbt,
1481,QRvoteoJrVOSQqLc8B,0,Deu,00:00:00,00:00:00,wbt,
1482,QRvotezRy6m90fgBJx,0,Deu,00:00:00,00:00:00,wbt,
1483,QRvotetAcjx939oFho,0,Deu,00:00:00,00:00:00,wbt,
1484,QRvotewowrrJGGQ57t,0,Deu,00:00:00,00:00:00,wbt,
1485,QRvotedTAKCls0gcXm,0,Deu,00:00:00,00:00:00,wbt,
1486,QRvoteDxT4jgAW159z,0,Deu,00:00:00,00:00:00,wbt,
1487,QRvotepvSFr7mrSUYt,0,Deu,00:00:00,00:00:00,wbt,
1488,QRvotewNl1IuzurzzH,0,Deu,00:00:00,00:00:00,wbt,
1489,QRvotefF4xyzuZrYCy,0,Deu,00:00:00,00:00:00,wbt,
1490,QRvoteX2Afd6PMDxWT,0,Deu,00:00:00,00:00:00,wbt,
1491,QRvoteb6TuBjkvmC6S,0,Deu,00:00:00,00:00:00,wbt,
1492,QRvotetqzHzogM5Ipn,0,Deu,00:00:00,00:00:00,wbt,
1493,QRvoteHzzBLL1UHeRr,0,Deu,00:00:00,00:00:00,wbt,
1494,QRvotedNzrXQQu2t3F,0,Deu,00:00:00,00:00:00,wbt,
1495,QRvotekSabuh6IAyN0,0,Deu,00:00:00,00:00:00,wbt,
1496,QRvotea9LlR8GtHoz6,0,Deu,00:00:00,00:00:00,wbt,
1497,QRvotevf19Ve909ozJ,0,Deu,00:00:00,00:00:00,wbt,
1498,QRvoteS3kY9TjNEUUu,0,Deu,00:00:00,00:00:00,wbt,
1499,QRvoteetBTGOmcwKxh,0,Deu,00:00:00,00:00:00,wbt,
1500,QRvotemUL2PPqJJhvt,0,Deu,00:00:00,00:00:00,wbt,
1501,QRvotehU3kPU9ezcEK,0,Deu,00:00:00,00:00:00,wbt,
1502,QRvotehGqjTgg8GbGV,0,Deu,00:00:00,00:00:00,wbt,
1503,QRvoteTOALZonjf6tg,0,Deu,00:00:00,00:00:00,wbt,
1504,QRvotew6VqMkUcFDe9,0,Deu,00:00:00,00:00:00,wbt,
1505,QRvoterrGCTpIHzKAV,0,Deu,00:00:00,00:00:00,wbt,
1506,QRvotep7IcrxUGi8Rc,0,Deu,00:00:00,00:00:00,wbt,
1507,QRvoteU8AtLRtMXonD,0,Deu,00:00:00,00:00:00,wbt,
1508,QRvote9peypBESDiq2,0,Deu,00:00:00,00:00:00,wbt,
1509,QRvote9tr7PoSAr2NE,0,Deu,00:00:00,00:00:00,wbt,
1510,QRvotead22Sur1LIcB,0,Deu,00:00:00,00:00:00,wbt,
1511,QRvoteQ4JT7jjuzzkd,0,Deu,00:00:00,00:00:00,wbt,
1512,QRvoteiVEK5PjGCYAm,0,Deu,00:00:00,00:00:00,wbt,
1513,QRvote3l663Piz5gqL,0,Deu,00:00:00,00:00:00,wbt,
1514,QRvoteKeXbzzGrazVz,0,Deu,00:00:00,00:00:00,wbt,
1515,QRvoted7wckq1vm8iA,0,Deu,00:00:00,00:00:00,wbt,
1516,QRvote3kY9obrSotHn,0,Deu,00:00:00,00:00:00,wbt,
1517,QRvoteON42hJnDiAYo,0,Deu,00:00:00,00:00:00,wbt,
1518,QRvoteZKzLw3jACgb5,0,Deu,00:00:00,00:00:00,wbt,
1519,QRvotezGzTP2NuOMGt,0,Deu,00:00:00,00:00:00,wbt,
1520,QRvoteRP2GfcnJZ7WV,0,Deu,00:00:00,00:00:00,wbt,
1521,QRvoteWlHIYkzRcX3Y,0,Deu,00:00:00,00:00:00,wbt,
1522,QRvotecfLioSJs4STo,0,Deu,00:00:00,00:00:00,wbt,
1523,QRvotes36RC3rUPUz1,0,Deu,00:00:00,00:00:00,wbt,
1524,QRvote51lB5ubkyS1G,0,Deu,00:00:00,00:00:00,wbt,
1525,QRvotenE5o9qMZkwx6,0,Deu,00:00:00,00:00:00,wbt,
1526,QRvoteXWyCbfGEN5ey,0,Deu,00:00:00,00:00:00,wbt,
1527,QRvoteD7NZ0tUwrUo3,0,Deu,00:00:00,00:00:00,wbt,
1528,QRvote4zUzVcLTiQ4z,0,Deu,00:00:00,00:00:00,wbt,
1529,QRvoteR4NIOgjgdMxx,0,Deu,00:00:00,00:00:00,wbt,
1530,QRvoteJhVLvObmHda2,0,Deu,00:00:00,00:00:00,wbt,
1531,QRvoteGnFkFRARTXYj,0,Deu,00:00:00,00:00:00,wbt,
1532,QRvote8baqyB9gl7Jc,0,Deu,00:00:00,00:00:00,wbt,
1533,QRvote7piVLDTEXUaX,0,Deu,00:00:00,00:00:00,wbt,
1534,QRvotezbXYtUsWdujm,0,Deu,00:00:00,00:00:00,wbt,
1535,QRvotemSXgIrEsuMCB,0,Deu,00:00:00,00:00:00,wbt,
1536,QRvotedzvcYtzWzRdb,0,Deu,00:00:00,00:00:00,wbt,
1537,QRvote9RDtupMz3deC,0,Deu,00:00:00,00:00:00,wbt,
1538,QRvoteP8YGWViMHKIK,0,Deu,00:00:00,00:00:00,wbt,
1539,QRvoteyj1B1NHxJ9gP,0,Deu,00:00:00,00:00:00,wbt,
1540,QRvotez2012VRgit5f,0,Deu,00:00:00,00:00:00,wbt,
1541,QRvotel5irsbDei2Lv,0,Deu,00:00:00,00:00:00,wbt,
1542,QRvotebjZnID1YspYz,0,Deu,00:00:00,00:00:00,wbt,
1543,QRvoteoz9bcUJErp6V,0,Deu,00:00:00,00:00:00,wbt,
1544,QRvoteyOZyO6QzmUsD,0,Deu,00:00:00,00:00:00,wbt,
1545,QRvoteEYw6u8JppVBz,0,Deu,00:00:00,00:00:00,wbt,
1546,QRvote1sHCv1iigjzK,0,Deu,00:00:00,00:00:00,wbt,
1547,QRvotexNe1eiVUxEft,0,Deu,00:00:00,00:00:00,wbt,
1548,QRvoteuAeZ2hOqzBHi,0,Deu,00:00:00,00:00:00,wbt,
1549,QRvotepEvzXfPlKhDz,0,Deu,00:00:00,00:00:00,wbt,
1550,QRvoteI8Peh3z6mreF,0,Deu,00:00:00,00:00:00,wbt,
1551,QRvote0niGucscemjd,0,Deu,00:00:00,00:00:00,wbt,
1552,QRvoteM7E0E2ozAa09,0,Deu,00:00:00,00:00:00,wbt,
1553,QRvotew4nxeOeL94QZ,0,Deu,00:00:00,00:00:00,wbt,
1554,QRvotegoG3XWTpjgbv,0,Deu,00:00:00,00:00:00,wbt,
1555,QRvote60zH6rNPUlnX,0,Deu,00:00:00,00:00:00,wbt,
1556,QRvote4FhuChbF4mpv,0,Deu,00:00:00,00:00:00,wbt,
1557,QRvoteJWDnwyDelRw7,0,Deu,00:00:00,00:00:00,wbt,
1558,QRvoteeJz8di9km1ln,0,Deu,00:00:00,00:00:00,wbt,
1559,QRvotePXyJxR7zjtYz,0,Deu,00:00:00,00:00:00,wbt,
1560,QRvote5XOzyX8L158x,0,Deu,00:00:00,00:00:00,wbt,
1561,QRvotez7fzdlmLSqFc,0,Deu,00:00:00,00:00:00,wbt,
1562,QRvoteFYazNVFPmWzp,0,Deu,00:00:00,00:00:00,wbt,
1563,QRvoteGfmJreZ55Q7m,0,Deu,00:00:00,00:00:00,wbt,
1564,QRvoteT8uy7zRgk9xd,0,Deu,00:00:00,00:00:00,wbt,
1565,QRvoteBzqbModnCuGB,0,Deu,00:00:00,00:00:00,wbt,
1566,QRvoteAGHdEdoSGFFT,0,Deu,00:00:00,00:00:00,wbt,
1567,QRvotek5jtiR6SvlFv,0,Deu,00:00:00,00:00:00,wbt,
1568,QRvotei1K234dJRCDB,0,Deu,00:00:00,00:00:00,wbt,
1569,QRvotejWYppK6TtvVy,0,Deu,00:00:00,00:00:00,wbt,
1570,QRvoteQRCFSvtc0Skj,0,Deu,00:00:00,00:00:00,wbt,